tree
version=v4
num_class=1
num_tree_per_iteration=1
label_index=0
max_feature_idx=8
objective=binary sigmoid:1
feature_names=age deposit_amount current_rate market_rate rate_diff login_count days_to_maturity days_since_last_login product_count
feature_infos=[20:75] [10426.280000000001:4997979.2699999996] [4.0099999999999998:12] [1.1299999999999999:16.75] [-3:5] [0:48] [0:720] [0:115] [1:6]
tree_sizes=3134 3365 3365 3364 3369 3367 3373 3369 3368 3373 3367 3381 3361 3363 3369 3364 3367 3359 3370 3377 3370 3357 3353 3367 3350 3373 3360 3359 3364 3360 3380

Tree=0
num_leaves=31
num_cat=0
split_feature=6 7 7 4 4 4 6 7 6 7 7 8 3 0 4 6 3 6 3 7 4 7 6 8 3 8 1 0 0 4
split_gain=416.624 242.299 138.099 121.629 44.5027 35.2933 33.5541 32.3895 21.7893 23.6211 21.2299 19.852 17.605 17.305 15.9205 15.1136 13.3821 11.828 11.2184 10.701 10.5153 9.42308 9.19878 8.93583 8.74059 8.40639 8.12228 7.43307 7.27735 6.87619
threshold=383.50000000000006 1.0000000180025095e-35 40.500000000000007 0.61820072574963703 0.12003342898930998 -1.6390244395713685 227.50000000000003 31.500000000000004 507.50000000000006 21.500000000000004 31.500000000000004 4.5000000000000009 7.0511709795563755 62.500000000000007 -0.48159319834402931 559.50000000000011 5.7905525853193014 168.50000000000003 4.5050000000000008 32.500000000000007 3.4728059097111399 49.500000000000007 290.50000000000006 3.5000000000000004 13.41140315518928 2.5000000000000004 3601392.9400000004 33.500000000000007 50.500000000000007 3.2296516621022526
decision_type=2 2 2 2 2 2 2 2 2 2 2 2 2 2 2 2 2 2 2 2 2 2 2 2 2 2 2 2 2 2
left_child=1 20 8 5 25 16 18 11 9 -2 -8 12 -5 14 -11 21 -3 -13 -7 -18 -1 -6 -9 -17 -10 -4 -19 -20 -25 -26
right_child=2 3 4 7 15 6 10 22 24 13 -12 17 -14 -15 -16 23 19 26 27 -21 -22 -23 -24 28 29 -27 -28 -29 -30 -31
leaf_value=-0.076344086021505386 -0.077333333333333337 -0.078947368421052641 -0.088235294117647023 -0.033333333333333333 0.017948717948717944 -0.029999999999999999 -0.068421052631578924 0.086352941176470591 -0.09213759213759215 -0.071428571428571327 0.016129032258064516 0.039130434782608699 0.06074270557029178 -0.085714285714285715 0.028358208955223882 -0.049999999999999975 -0.049999999999999989 -0.048717948717948718 0.011627906976744186 0.025714285714285714 -0.023404255319148939 0.077777777777777779 0.055000000000000007 -0.014285714285714289 -0.0047619047619047623 -0.024528301886792454 0.027272727272727271 0.05849056603773585 0.069999999999999993 -0.077142857142857152
leaf_weight=46.5 37.5 14.249999999999998 8.5000000000000018 5.2499999999999991 9.7500000000000018 4.9999999999999991 14.250000000000002 106.25 101.75 5.2500000000000062 15.499999999999998 17.25 94.25 6.9999999999999991 16.75 6.0000000000000027 10.000000000000002 9.7499999999999982 10.749999999999998 8.7499999999999982 11.749999999999998 20.25 30 5.2499999999999982 5.2499999999999991 13.249999999999998 5.4999999999999991 39.75 5 8.7499999999999982
leaf_count=186 150 57 34 21 39 20 57 425 407 21 62 69 377 28 67 24 40 39 43 35 47 81 120 21 21 53 22 159 20 35
internal_value=0.000359712 0.0293985 -0.0512488 0.0437257 0.00955882 0.00147992 0.0184751 0.0623486 -0.0739369 -0.0511278 -0.0243697 0.044697 0.0557789 -0.0172414 0.00454545 0.0372973 -0.0424242 0.0107692 0.0414414 -0.0146667 -0.0656652 0.0583333 0.0794495 -0.00153846 -0.087041 -0.0494253 -0.0213115 0.0485149 0.0268293 -0.05
internal_weight=695 444.75 250.25 386.5 68 118.25 85.25 268.25 182.25 66.5 29.75 132 99.5 29 22 46.25 33 32.5 55.5 18.75 58.25 30 136.25 16.25 115.75 21.75 15.25 50.5 10.25 14
internal_count=2780 1779 1001 1546 272 473 341 1073 729 266 119 528 398 116 88 185 132 130 222 75 233 120 545 65 463 87 61 202 41 56
is_linear=0
shrinkage=0.05


Tree=1
num_leaves=31
num_cat=0
split_feature=6 7 7 4 4 5 7 6 4 6 7 8 4 2 2 7 5 6 4 7 6 5 5 0 5 0 4 8 5 0
split_gain=376.524 218.925 124.904 109.95 40.201 35.5406 29.3583 29.1376 25.0408 19.9396 23.3977 17.9436 17.1001 17.0601 16.5583 14.9843 13.6652 13.6583 9.52565 8.53332 8.35804 10.1477 8.29641 8.07623 7.99152 7.94438 7.86459 7.61809 7.65176 7.01472
threshold=383.50000000000006 1.0000000180025095e-35 40.500000000000007 0.61820072574963703 0.12003342898930998 23.500000000000004 31.500000000000004 240.50000000000003 -1.3593383536646912 535.50000000000011 21.500000000000004 4.5000000000000009 -0.48159319834402931 9.1321792186661792 4.8350000000000009 34.500000000000007 10.500000000000002 559.50000000000011 3.4728059097111399 49.500000000000007 290.50000000000006 20.500000000000004 14.500000000000002 61.500000000000007 25.500000000000004 33.500000000000007 -0.56499999999999984 2.5000000000000004 17.500000000000004 31.500000000000004
decision_type=2 2 2 2 2 2 2 2 2 2 2 2 2 2 2 2 2 2 2 2 2 2 2 2 2 2 2 2 2 2
left_child=1 18 9 5 27 7 11 8 13 10 -2 14 -12 -3 -5 -9 -13 19 -1 -6 -8 -22 -14 -19 -16 -10 -17 -4 -29 -7
right_child=2 3 4 6 17 29 20 15 25 -11 12 16 22 -15 24 26 -18 23 -20 -21 21 -23 -24 -25 -26 -27 -28 28 -30 -31
leaf_value=-0.072634464526059137 -0.074992399466861689 -0.050988491652358442 -0.083989653165457992 -0.024139189628296472 0.017052680083820351 -0.017625561059343431 0.08219100474982155 -0.062109104770449911 0.0083301072684032283 -0.085336255356446206 -0.076141379148093449 0.048101839529640797 0.027284244373263711 0.034552984608008992 0.062197715812296953 -0.018642509172116736 -0.01753603295240078 -0.027546673085424103 -0.022237141461518273 0.074002649429080955 0.065300049896999821 -0.012758953051784616 -0.030995452636183324 0.046201132387018506 0.0013128353179891329 0.061115642450144371 0.059197415374527787 0.0074774781273195291 -0.07021277655743513 -0.085835546025419374
leaf_weight=46.432311594486237 47.174698367714882 12.737293034791948 8.4834774732589739 6.4957794100046149 9.7492148727178591 5.4977344274520901 106.05217628180981 15.733520537614824 8.7492136061191541 100.05158163607121 9.9839545190334302 13.744900420308111 13.74154841899872 10.746139571070669 87.171179354190826 9.2459171861410123 18.741692170500755 10.495853111147882 11.748391285538672 20.219406321644783 24.981103837490085 4.9962207674980155 10.990626096725462 5.7440108209848395 5.744699388742446 38.468785256147385 4.9996748566627494 7.9987969398498517 5.2492104917764664 11.988708466291426
leaf_count=186 189 51 34 26 39 22 425 63 35 401 40 55 55 43 349 37 75 42 47 81 100 20 44 23 23 154 20 32 21 48
internal_value=0.00034194 0.0279591 -0.0487596 0.041584 0.00908918 0.00140674 0.0593038 0.0128345 0.0303499 -0.0703612 -0.0520653 0.0424955 -0.0209103 -0.0118443 0.0530379 -0.028473 0.010235 0.0354652 -0.0624578 0.055476 0.0756017 0.0522902 0.00138558 -0.00146221 0.0584334 0.0513348 0.00867642 -0.0469952 -0.0233055 -0.0643903
internal_weight=694.158 444.275 249.882 386.095 67.94 118.167 267.928 100.681 70.7014 181.942 81.8908 131.898 34.7161 23.4834 99.4117 29.9791 32.4866 46.2085 58.1807 29.9686 136.03 29.9773 24.7322 16.2399 92.9159 47.218 14.2456 21.7315 13.248 17.4864
internal_count=2780 1779 1001 1546 272 473 1073 403 283 729 328 528 139 94 398 120 130 185 233 120 545 120 99 65 372 189 57 87 53 70
is_linear=0
shrinkage=0.05


Tree=2
num_leaves=31
num_cat=0
split_feature=6 7 7 4 4 4 6 7 6 7 7 3 8 4 6 3 6 3 7 4 8 0 6 8 7 6 8 3 0 0
split_gain=341.089 198.211 113.378 99.6842 36.3748 29.5725 27.3842 26.8443 18.2596 21.2949 17.7142 16.8006 16.6199 15.5214 12.3808 11.3793 10.3847 9.68612 9.55976 8.68824 8.21482 8.11821 8.09241 7.99518 7.77564 7.04213 6.95263 6.72252 6.11316 6.00776
threshold=383.50000000000006 1.0000000180025095e-35 40.500000000000007 0.61820072574963703 0.12003342898930998 -1.6390244395713685 227.50000000000003 31.500000000000004 535.50000000000011 21.500000000000004 31.500000000000004 6.8808414713633113 4.5000000000000009 -0.48159319834402931 559.50000000000011 5.7905525853193014 247.50000000000003 4.5050000000000008 22.500000000000004 3.4728059097111399 5.5000000000000009 63.500000000000007 269.50000000000006 3.5000000000000004 49.500000000000007 290.50000000000006 2.5000000000000004 13.442634956404058 50.500000000000007 33.500000000000007
decision_type=2 2 2 2 2 2 2 2 2 2 2 2 2 2 2 2 2 2 2 2 2 2 2 2 2 2 2 2 2 2
left_child=1 19 8 5 26 15 17 11 9 -2 -8 -5 22 -11 24 -3 -14 -7 -17 -1 25 -15 -13 -16 -6 -9 -4 -10 -25 -19
right_child=2 3 4 7 14 6 10 20 27 13 -12 12 16 21 23 18 -18 29 -20 -21 -22 -23 -24 28 -26 -27 -28 -29 -30 -31
leaf_value=-0.069291967925221007 -0.071562413532138755 -0.072683593390391613 -0.08023733038560675 -0.045113582096871468 0.016203785882661106 -0.028721839196744692 -0.062204638251976897 0.081643456053456354 -0.086214516835265556 -0.072666438744303813 0.015129492247396587 0.06300360346913568 0.030873948007731491 0.015720845009060888 -0.047249846160504483 -0.063872882885427251 -0.032807896695242124 0.011117302695078131 0.011932423561808901 -0.021133583141911015 0.025856435540850983 -0.055672304176820578 0.029259619445632913 -0.012199737784956713 0.070608392908907996 0.053009370556606976 -0.022158671960365924 -0.045474512294871004 0.065114023795703871 0.053266049037038257
leaf_weight=46.242938160896301 46.968813598155975 14.186410486698149 8.4372795522213 5.4972167164087287 9.7470146566629428 4.9955359548330298 14.187154278159143 99.044939428567886 88.058034330606461 9.9393654912710172 15.489562451839445 71.253509521484375 22.230996131896976 19.735772922635082 5.9936107397079494 6.2358011156320599 8.9908709675073606 10.747778207063673 12.487692773342131 11.743883103132246 8.9458237886428815 4.9883068203926078 23.669600531458855 5.2477037608623487 20.133819580078125 27.41577011346817 13.237655594944952 11.441475212574003 4.9860772490501404 39.621182784438133
leaf_count=186 189 57 34 22 39 20 57 399 355 40 62 286 89 79 24 25 36 43 50 47 36 20 95 21 81 110 53 46 20 159
internal_value=0.000325482 0.026641 -0.0465074 0.0396209 0.00865535 0.00133871 0.0169131 0.0565296 -0.0671505 -0.0496239 -0.0218406 0.0404519 0.0441807 -0.0198972 0.0337684 -0.0389065 0.0125357 0.037686 -0.0133143 -0.0595386 0.0721603 0.00131663 0.0545894 -0.00138989 0.0528618 0.0754358 -0.0447666 -0.0815298 0.0254689 0.0442723
internal_weight=691.902 442.987 248.915 385 67.7832 117.951 85.0412 267.049 181.132 81.6323 29.6767 131.642 126.145 34.6634 46.1082 32.9099 31.2219 55.3645 18.7235 57.9868 135.407 24.7241 94.9231 16.2274 29.8808 126.461 21.6749 99.4995 10.2338 50.369
internal_count=2780 1779 1001 1546 272 473 341 1073 729 328 119 528 506 139 185 132 125 222 75 233 545 99 381 65 120 509 87 401 41 202
is_linear=0
shrinkage=0.05


Tree=3
num_leaves=31
num_cat=0
split_feature=6 7 7 3 8 3 7 5 5 7 6 7 6 2 2 6 3 7 1 6 3 3 5 3 6 2 1 2 3 6
split_gain=309.656 179.771 103.266 86.3696 32.5972 26.3929 24.1401 27.8982 19.7752 17.358 16.9789 17.831 15.3719 15.3319 15.3283 14.8544 14.6041 9.8374 9.73741 8.80922 8.59123 8.23913 8.77934 7.54007 7.50402 7.44664 18.7487 6.81767 6.77221 8.74555
threshold=383.50000000000006 1.0000000180025095e-35 40.500000000000007 7.6440186739281666 5.5000000000000009 11.472806081715397 30.500000000000004 15.500000000000002 26.500000000000004 40.500000000000007 507.50000000000006 21.500000000000004 240.50000000000003 10.341504542366524 9.8539414807838615 243.50000000000003 5.4150000000000009 45.500000000000007 3755351.8543227823 600.50000000000011 11.352075780321536 12.129917641612352 17.500000000000004 13.41140315518928 559.50000000000011 7.1290809899343595 1293441.626212687 5.245000000000001 10.421833064489361 190.50000000000003
decision_type=2 2 2 2 2 2 2 2 2 2 2 2 2 2 2 2 2 2 2 2 2 2 2 2 2 2 2 2 2 2
left_child=1 28 10 6 8 14 7 15 9 13 11 -2 -10 -5 17 -3 27 -4 21 -19 -15 22 -6 -12 -7 -18 -27 -8 -1 -30
right_child=2 3 5 4 18 24 16 -9 12 -11 23 -13 -14 20 -16 -17 25 19 -20 -21 -22 -23 -24 -25 -26 26 -28 -29 29 -31
leaf_value=-0.070106913376559277 -0.067018323587356418 0.025324756134609314 -0.054379463431038812 0.056903675297510961 -0.011260424233361615 0.077801596507941717 0.011384577318161795 -0.08300934605172873 0.033770272364231052 0.077794497596512413 -0.080730989786591933 -0.014596397449463568 -0.070883070011000304 -0.022853292914221973 -0.079896661515193201 -0.056976974799159058 0.0651227231062807 0.028268464659318506 0.054706474813729235 -0.02870685094526337 0.034764158478837008 0.021872361692333583 -0.09957176326971455 -0.041407602399034599 0.016305375457760892 0.074792162802769832 -0.037417362088021953 -0.058640313133127987 -0.0066920757498708256 -0.070875462490131574
leaf_weight=36.108830526471138 37.033968418836594 17.660145238041881 6.9707593172788611 143.80621674656868 6.475334465503698 13.148456022143366 7.2125797867774946 16.887818530201912 11.883474484086038 81.771553188562393 100.07628813385963 28.864669382572174 4.9789651036262503 8.9587662220001203 7.1978537738323203 7.9507009983062735 14.617023169994356 22.545616433024406 4.9735371470451346 9.7044936716556531 23.286657780408859 6.2119349390268317 4.9776709675788879 13.881125316023825 7.9660639762878409 6.9791487455368024 7.9781154096126556 6.7093301117420197 12.161436140537264 9.4171750098466855
leaf_count=146 150 71 28 580 26 53 29 68 48 331 407 116 20 36 29 32 59 91 20 39 94 25 20 56 32 28 32 27 49 38
internal_value=0.000309886 0.0254264 -0.0444638 0.0378105 0.0505747 0.00825452 -0.006321 -0.0331214 0.0553275 0.0587584 -0.0642587 -0.0440567 0.00286933 0.0499166 -0.0128269 -0.000225218 0.0198647 -0.000518133 -0.00709395 0.0111238 0.0187563 -0.0244938 -0.049642 -0.075941 0.0546004 0.0397428 0.0149403 -0.0223622 -0.0568635 -0.0347025
internal_weight=688.396 441.006 247.389 383.319 297.324 67.5332 85.9949 42.4987 274.686 257.823 179.856 65.8986 16.8624 176.052 46.4187 25.6108 43.4962 39.2209 22.6385 32.2501 32.2454 17.6649 11.453 113.957 21.1145 29.5743 14.9573 13.9219 57.6874 21.5786
internal_count=2780 1779 1001 1546 1200 272 346 171 1109 1041 729 266 68 710 187 103 175 158 91 130 130 71 46 463 85 119 60 56 233 87
is_linear=0
shrinkage=0.05


Tree=4
num_leaves=31
num_cat=0
split_feature=7 7 3 3 5 8 0 5 5 0 2 3 2 7 8 2 1 3 3 7 0 8 0 5 3 5 2 3 1 0
split_gain=214.76 76.5225 61.0014 57.5155 35.4708 24.3526 21.3427 15.728 15.0137 14.4322 14.2644 17.0055 14.1905 12.1174 11.3006 29.8525 11.2813 10.1924 9.88359 9.6113 10.2424 11.4572 9.54503 9.39682 8.41945 10.1813 8.02645 10.498 7.92491 7.34254
threshold=27.500000000000004 1.0000000180025095e-35 8.0225947518396712 6.6812695432637046 16.500000000000004 5.5000000000000009 70.500000000000014 20.500000000000004 15.500000000000002 72.500000000000014 9.7702922612180938 12.370063847029414 10.804382803447636 61.500000000000007 4.5000000000000009 8.8609062839326977 3601392.9400000004 8.8276165957626382 10.421833064489361 46.500000000000007 51.500000000000007 2.5000000000000004 34.500000000000007 4.5000000000000009 11.495558458631516 24.500000000000004 8.5050515425284861 11.222837622244954 2378133.9750000006 46.500000000000007
decision_type=2 2 2 2 2 2 2 2 2 2 2 2 2 2 2 2 2 2 2 2 2 2 2 2 2 2 2 2 2 2
left_child=1 18 8 19 6 7 14 9 16 10 -5 28 24 -7 -4 -16 22 29 -1 20 21 -2 -3 -24 25 -6 -19 -28 -12 -9
right_child=3 2 4 5 12 13 -8 17 -10 -11 11 -13 -14 -15 15 -17 -18 26 -20 -21 -22 -23 23 -25 -26 -27 27 -29 -30 -31
leaf_value=-0.074554899155349602 -0.081271489283009299 -0.062949439527310178 0.037957478108882364 0.059706203546803595 -0.012948997936378097 -0.025670915539878214 -0.066070521900049528 -0.059853900702112474 -0.076363557811715777 -0.028351450624916997 -0.024639983511517274 0.056557708043635024 -0.077697527316756276 0.061649701376842392 0.045114045758062001 -0.066879709781211938 -0.080222676424540104 0.060231506408770986 -0.042417755084986464 0.0086063325438376082 -0.073668444407106709 0.0023557464097684498 -0.057327092396742878 0.014686903988763886 0.011603918218729558 -0.075564121595011136 -0.047358157249649445 0.034392132738295167 0.026813256498562567 0.018179475788839706
leaf_weight=67.222344174981117 5.1650602370500591 8.6171180158853513 74.230542883276939 140.76164157688618 24.385596871376038 20.293487787246708 6.3876755088567725 6.4384035021066648 30.905637487769127 5.9118242412805548 13.34948790073395 31.69097825884819 10.572831496596335 4.9401153326034537 14.393776655197145 10.143396586179732 9.0756568610668165 13.288097620010378 37.143791198730469 23.823282614350319 10.57928481698036 19.781621932983398 5.9012986272573498 19.492385894060135 19.746380433440208 8.8475348204374296 5.6701238453388241 12.774469524621962 17.030887603759766 5.6688012331724167
leaf_count=275 21 35 301 573 99 82 26 26 126 24 54 129 43 20 58 41 37 54 151 96 43 80 24 79 80 36 23 52 69 23
internal_value=0.000294862 -0.0273148 -0.011919 0.0287151 0.00468187 0.0382599 0.0225052 0.0429388 -0.0497702 0.0486567 0.0509012 0.0309336 -0.024809 -0.0085757 0.0282337 -0.00118294 -0.030695 0.0157133 -0.0631173 -0.0159648 -0.0324419 -0.0149588 -0.0174787 -0.0020486 -0.0142544 -0.0296188 0.0306049 0.00926096 0.00420411 -0.0233173
internal_weight=684.234 347.066 242.7 337.168 168.708 277.818 105.155 252.585 73.9921 208.745 202.833 62.0714 63.5523 25.2336 98.7677 24.5372 43.0865 43.8399 104.366 59.3492 35.526 24.9467 34.0108 25.3937 52.9795 33.2331 31.7327 18.4446 30.3804 12.1072
internal_count=2780 1411 985 1369 684 1129 426 1027 301 849 825 252 258 102 400 99 175 178 426 240 144 101 138 103 215 135 129 75 123 49
is_linear=0
shrinkage=0.05


Tree=5
num_leaves=31
num_cat=0
split_feature=6 3 8 5 3 6 0 3 2 0 1 0 5 6 3 0 5 2 3 2 0 3 3 5 3 5 5 1 6 6
split_gain=249.546 111.107 44.0627 31.4227 28.5882 23.7415 16.5548 16.4687 13.1331 12.2793 11.8961 10.0337 9.77773 9.37244 8.89179 8.79406 8.27057 13.1121 7.79966 7.55103 8.98211 8.54958 6.71272 6.66628 6.11736 6.04768 8.80474 6.04716 5.98059 5.77712
threshold=383.50000000000006 7.0511709795563755 5.5000000000000009 26.500000000000004 10.912044505687625 501.50000000000006 46.500000000000007 5.0526697804574248 11.317066258875284 26.500000000000004 1938681.0424570197 72.500000000000014 15.500000000000002 596.50000000000011 12.850728107292666 45.500000000000007 19.500000000000004 8.8291450358222416 11.312754714689314 9.3889936013645272 67.500000000000014 4.6908569234667263 11.98146306992208 17.500000000000004 8.0499794626422396 9.5000000000000018 16.500000000000004 2601775.6887975601 92.500000000000014 168.50000000000003
decision_type=2 2 2 2 2 2 2 2 2 2 2 2 2 2 2 2 2 2 2 2 2 2 2 2 2 2 2 2 2 2
left_child=1 7 3 8 13 -6 -7 28 9 25 -8 24 -9 19 -10 18 17 -4 -5 20 21 -2 -19 -12 -11 -3 -27 29 -1 -14
right_child=4 2 16 15 5 6 10 12 14 11 23 -13 27 -15 -16 -17 -18 22 -20 -21 -22 -23 -24 -25 -26 26 -28 -29 -30 -31
leaf_value=-0.019486891424568095 -0.066210273239387898 -0.032412041008632958 0.032626199626010703 -0.034276295498560663 0.016745173484193972 -0.069505738529832856 -0.057406918388666905 0.0063057003608214994 -0.029597461741201588 0.028225576232561295 0.030069780480353366 -0.006253845681432578 0.027001278122661905 -0.068250773022307157 0.040905196286435241 -0.055833363508445755 -0.065670927995769846 -0.086577050823230861 0.047353141699188216 -0.079403316234144178 -0.079500570885029528 -0.023984260793924302 -0.0062238634203411192 -0.037026250056476702 0.055379571292792085 0.062661193151790223 -0.019213633074742192 -0.068139715487215577 -0.067321357227767192 -0.047816346479637159
leaf_weight=8.8460393249988538 14.822281613945959 5.8893881142139461 10.651767104864126 5.3905620127916354 32.651986509561539 22.819757476449013 9.5473587363958377 33.312162727117538 9.3692094832658785 22.854911580681801 13.281910613179209 7.3909207731485358 4.9233701527118701 59.88580733537674 8.556328281760214 8.884696811437605 8.1556453406810743 5.186207100749014 6.401374876499176 12.685547575354574 11.451982319355009 62.676142692565918 5.2104731798171997 5.1324677169322959 224.28406302630901 7.8287632316350919 5.655922070145607 9.0691588222980482 25.004591673612595 5.4211444556713104
leaf_count=36 61 24 43 22 133 93 39 135 38 93 54 30 20 247 35 36 33 21 26 52 47 256 21 21 917 32 23 37 102 22
internal_value=-3.18964e-05 0.0229897 0.0358085 0.0412972 -0.0402836 -0.0165171 -0.0379044 -0.0276047 0.0455174 0.0482309 -0.0121143 0.0511517 -0.0101316 -0.0525601 0.0040553 -0.0182673 -0.0229248 -0.00636195 0.0100371 -0.0433148 -0.0381681 -0.0320604 -0.0463067 0.0113687 0.0528684 0.00985863 0.0283202 -0.0383365 -0.054821 -0.0122076
internal_weight=673.242 428.287 341.71 312.506 244.955 83.4335 50.7815 86.5765 291.83 273.904 27.9617 254.53 52.7258 161.522 17.9255 20.6766 29.2041 21.0484 11.7919 101.636 88.9504 77.4984 10.3967 18.4144 247.139 19.3741 13.4847 19.4137 33.8506 10.3445
internal_count=2749 1746 1394 1276 1003 340 207 352 1192 1119 114 1040 214 663 73 84 118 85 48 416 364 317 42 75 1010 79 55 79 138 42
is_linear=0
shrinkage=0.05


Tree=6
num_leaves=31
num_cat=0
split_feature=6 7 7 4 4 7 5 7 4 7 6 5 4 6 6 7 1 5 4 2 1 2 2 1 7 4 5 2 4 2
split_gain=226.662 167.005 98.8645 89.7663 24.8102 23.748 21.6458 21.4442 18.9025 15.9221 16.9037 14.8213 14.7508 14.0322 8.34033 11.6159 8.16144 8.08739 7.81413 7.746 7.72986 8.41191 9.98527 7.62832 7.04594 6.35282 6.20266 6.19319 6.17181 6.12954
threshold=383.50000000000006 1.0000000180025095e-35 44.500000000000007 0.68088531412482334 -1.9249999999999996 30.500000000000004 23.500000000000004 37.500000000000007 0.12003342898930998 22.500000000000004 543.50000000000011 27.500000000000004 -0.77950848775274151 227.50000000000003 222.50000000000003 8.5000000000000018 3196379.9883528757 12.500000000000002 3.4728059097111399 5.8993495856967177 4601208.1750000007 10.095000000000001 6.2750000000000012 2416130.7926747142 23.500000000000004 -0.16839229792823093 10.500000000000002 7.4846799898282059 -2.5349999999999997 11.590179527626633
decision_type=2 2 2 2 2 2 2 2 2 2 2 2 2 2 2 2 2 2 2 2 2 2 2 2 2 2 2 2 2 2
left_child=1 18 9 4 24 11 7 13 16 29 12 14 -11 17 -5 -16 23 26 -1 -17 21 22 -10 -4 -3 -19 -6 -14 -26 -2
right_child=2 3 8 5 6 -7 -8 -9 20 10 -12 -13 27 -15 15 19 -18 25 -20 -21 -22 -23 -24 -25 28 -27 -28 -29 -30 -31
leaf_value=-0.066866283907658752 -0.072500277317690848 -0.087406593428312529 -0.043710846885796302 0.049152319769972405 0.01823977156695495 0.066347607716376267 -0.050396930025528343 0.05082124975826309 -0.016048246130580378 -0.07367908881853405 -0.063751256466995185 -0.045061686725481935 -0.030553474525506736 -0.040153068944062481 -0.035932982191519143 -0.017794547969573228 -0.063933980172136848 -0.05545365734977125 -0.019427594193598609 0.045355354953643678 0.082651925882513799 -0.020954375202991652 0.056651740744244485 0.036427858430725275 -0.063928463816079903 0.017881111964166845 0.076410407036462485 0.016829188113730218 -0.0025141450674097728 -0.02565040163366554
leaf_weight=46.027209281921387 99.950833067297935 7.3132015019655254 5.1928961426019686 73.990070849657059 17.794203326106075 128.8926739692688 12.785535603761671 33.07682079076767 6.1930264085531261 8.7130170017480832 36.391038358211517 5.4642601013183585 10.639887288212778 15.716064363718031 7.3653979003429404 5.9585027098655692 7.6125468611717215 5.6763553619384766 10.698434755206106 26.242175459861755 7.3535832315683356 7.4145042747259131 19.899912357330322 6.9355098158121109 7.1074956655502364 6.1556970626115781 6.1720974743366233 19.600338459014893 9.6383980512618983 7.5058121979236594
leaf_count=190 417 30 21 302 72 535 52 134 25 36 151 22 43 64 30 24 31 23 43 107 30 30 81 28 29 25 25 79 39 31
internal_value=-3.17484e-05 0.0219575 -0.0385238 0.0342252 -0.000994348 0.0514769 0.0102394 0.0194042 0.0168205 -0.0568715 -0.0392488 0.0353728 -0.0163579 -0.00076828 0.0392433 0.020713 -0.0233545 0.0165223 -0.0579194 0.0336699 0.0362301 0.0260423 0.0393968 0.00211568 -0.0464617 -0.0173008 0.0332206 0.000157812 -0.0285804 -0.0692278
internal_weight=669.477 426.075 243.403 369.349 121.436 247.913 97.3768 84.5912 60.602 182.801 75.3443 119.02 38.9532 51.5144 113.556 39.5661 19.741 35.7984 56.7256 32.2007 40.861 33.5074 26.0929 12.1284 24.0591 11.8321 23.9663 30.2402 16.7459 107.457
internal_count=2749 1746 1003 1513 493 1020 395 343 246 757 309 485 158 209 463 161 80 145 233 131 166 136 106 49 98 48 97 122 68 448
is_linear=0
shrinkage=0.05


Tree=7
num_leaves=31
num_cat=0
split_feature=6 7 7 4 3 7 7 5 4 7 4 6 5 6 3 5 8 4 7 6 4 5 5 5 4 2 2 8 3 4
split_gain=206.628 152.156 90.5539 82.1038 25.7507 23.584 22.2193 19.9182 17.1485 14.9399 15.602 14.0872 13.4476 13.126 12.9441 12.1111 8.41164 8.21155 7.79544 10.2561 7.64724 7.57022 10.7096 7.4404 7.28074 7.02224 8.27938 6.42739 6.21792 10.1397
threshold=383.50000000000006 1.0000000180025095e-35 44.500000000000007 0.68088531412482334 5.0526697804574248 37.500000000000007 30.500000000000004 19.500000000000004 0.12003342898930998 22.500000000000004 1.7139507018073934 243.50000000000003 27.500000000000004 528.50000000000011 6.8808414713633113 23.500000000000004 5.5000000000000009 -0.65698240873555547 8.5000000000000018 181.50000000000003 -1.6849999999999998 18.500000000000004 10.500000000000002 15.500000000000002 3.4728059097111399 6.2750000000000012 10.130093244269604 5.5000000000000009 13.442634956404058 3.528777371234074
decision_type=2 2 2 2 2 2 2 2 2 2 2 2 2 2 2 2 2 2 2 2 2 2 2 2 2 2 2 2 2 2
left_child=1 24 9 4 17 7 12 11 21 28 -11 20 14 23 -5 -7 18 -3 19 -16 -6 22 -4 -12 -1 -10 -27 -8 -2 -30
right_child=2 3 8 6 5 15 27 -9 25 10 13 -13 -14 -15 16 -17 -18 -19 -20 -21 -22 -23 -24 -25 -26 26 -28 -29 29 -31
leaf_value=-0.064350984064325517 -0.07156226514765833 -0.060191424251672634 -0.061189374328939727 -0.039343608140881066 -0.031328071967381653 0.051890624295149734 0.066783545964927957 -0.068520733137261411 -0.01123032655262788 -0.058999799115192167 0.043438825312477586 -0.039250509457385646 -0.042843302754472928 -0.043693950181561303 0.044417815275528447 -0.030084190743747685 -0.0082992609540303245 0.010577296076631288 0.052244530181751431 -0.029393730557311839 0.03362603193394921 -0.070046891238659426 0.030625559394343478 -0.023751471427229609 -0.018480931632349852 0.058801781381841847 0.0025166132297377124 0.020164568687528625 0.020224691134523413 -0.067621982653958704
leaf_weight=45.449581280350685 91.594969257712364 20.158793136477474 4.9379259347915676 5.2264255434274665 5.4428665041923479 33.671490162611008 119.31010340154171 11.460094705224035 6.9348935037851325 39.789480149745941 10.698679044842722 12.758574172854422 5.4599246084690085 17.581993207335472 12.925859749317171 5.201781451702117 7.940127193927764 5.145268350839614 79.419276416301727 7.4007969200611106 27.059222817420963 5.8330038189887992 8.9013295471668226 6.7008666098117819 10.684484541416166 24.868359237909317 8.8617786616086942 7.8819178491830817 5.1246498525142661 9.1495643705129606
leaf_count=190 389 83 20 21 22 137 503 47 28 166 43 52 22 73 53 21 32 21 327 30 110 24 36 27 43 102 36 32 21 38
internal_value=-3.19767e-05 0.0210371 -0.0369803 0.0327793 -0.000950181 0.0109221 0.0493853 -0.00963765 0.0160531 -0.0546945 -0.0375843 0.00527167 0.0337949 -0.0132254 0.0375007 0.0409213 0.0412303 -0.0458015 0.045173 0.0175435 0.0227487 -0.0222712 -0.00213454 0.0175627 -0.0556201 0.034593 0.0440142 0.0638946 -0.0667787 -0.0360838
internal_weight=663.574 422.597 240.977 366.463 120.898 95.594 245.564 56.7208 60.3373 180.64 74.771 45.2607 118.372 34.9815 112.912 38.8733 107.686 25.3041 99.7459 20.3267 32.5021 19.6723 13.8393 17.3995 56.1341 40.665 33.7301 127.192 105.869 14.2742
internal_count=2749 1746 1003 1513 493 389 1020 231 246 757 309 184 485 143 463 158 442 104 410 83 132 80 56 70 233 166 138 535 448 59
is_linear=0
shrinkage=0.05


Tree=8
num_leaves=31
num_cat=0
split_feature=4 8 0 5 0 5 4 5 1 1 2 4 0 0 5 1 3 2 2 1 0 2 5 1 1 4 5 4 3 2
split_gain=136.51 42.8785 26.9902 23.1058 23.5173 22.747 23.4786 15.6055 12.8427 14.5936 12.4966 11.4757 10.6033 12.161 11.7202 10.2051 7.59593 7.20284 10.3103 6.23868 7.14183 6.01878 6.67666 5.96116 6.21865 5.93229 8.74605 5.87019 5.82047 5.33246
threshold=0.24351260298541147 5.5000000000000009 31.500000000000004 20.500000000000004 72.500000000000014 18.500000000000004 -1.8749999999999998 1.0000000180025095e-35 4786811.771139822 422946.88683882391 10.995000000000003 3.0899858694776285 45.500000000000007 30.500000000000004 10.500000000000002 2293039.8056260576 12.205395599619697 6.0964986756688537 10.460669222397426 4764505.5650000004 48.500000000000007 6.0964986756688537 15.500000000000002 4552043.0700000012 1449689.2463512907 3.4988835962092479 16.500000000000004 2.6302398197517158 6.1916990269612189 9.5172980933735936
decision_type=2 2 2 2 2 2 2 2 2 2 2 2 2 2 2 2 2 2 2 2 2 2 2 2 2 2 2 2 2 2
left_child=5 2 8 4 7 6 28 27 9 -2 11 19 13 14 -8 -16 -6 -15 -19 20 -5 22 -9 24 -3 -11 -27 -4 -1 -23
right_child=1 23 3 10 16 -7 12 21 -10 25 -12 -13 -14 17 15 -17 -18 18 -20 -21 -22 29 -24 -25 -26 26 -28 -29 -30 -31
leaf_value=-0.06932904476730041 0.044144526779267008 -0.010834610942000222 -0.053667526457192874 0.010236178620624441 -0.078426928635234094 -0.057502278071653604 -0.07474151902040399 0.033152224881951964 0.057477831733526857 -0.033349867996175647 -0.066335368640360506 0.03448447995706521 -0.025593379684338509 -0.02236054340349625 -0.045769099891381435 0.05454043067867085 0.0019971583228373044 0.048032525670590166 -0.02665277245390224 0.039782836580330029 -0.04371514994462819 0.049005133199671876 -0.014998263249444886 0.018802603174059251 -0.052371874427121518 0.030371072657172815 -0.044611377984883072 0.012161665675256407 -0.031932716946760566 0.03153580385402089
leaf_weight=24.491041943430901 9.4726094454526883 14.051338508725165 5.695034220814704 10.087869331240659 5.503195717930792 64.924665480852127 7.6409063637256649 32.037496253848076 7.1004208028316489 39.950255513191223 6.5253921449184409 22.073552280664444 52.339499577879906 7.2065533548593512 4.8015923947095853 5.372665748000145 6.2935560345649719 23.624008595943454 5.7448062300682059 4.7524472773075095 15.650349929928778 133.86479276418686 9.2862067818641645 5.348661169409751 25.118610545992851 10.359519720077516 6.2263022363185874 8.3544989079236966 18.09074704349041 64.843183591961861
leaf_count=104 40 58 24 42 23 274 32 134 30 167 27 92 218 30 20 22 26 97 24 20 66 564 39 22 104 43 26 35 75 271
internal_value=-3.19816e-05 0.0158268 0.0210312 0.0272065 0.0334917 -0.0327949 -0.0220514 0.0366959 -0.00641766 -0.0132908 -0.00107463 0.00702692 -0.00952788 0.00593179 -0.0279442 0.00720081 -0.0355208 0.0224321 0.0334234 -0.0128508 -0.0225694 0.0396938 0.0223319 -0.0307103 -0.0374713 -0.022914 0.00222273 -0.0145225 -0.0534413 0.0433045
internal_weight=656.832 442.595 398.077 324.968 265.878 214.236 149.312 254.081 73.1091 66.0087 59.0896 52.5642 106.73 54.3905 17.8152 10.1743 11.7968 36.5754 29.3688 30.4907 25.7382 240.032 41.3237 44.5186 39.1699 56.5361 16.5858 14.0495 42.5818 198.708
internal_count=2749 1853 1669 1363 1116 896 622 1067 306 276 247 220 443 225 74 42 49 151 121 128 108 1008 173 184 162 236 69 59 179 835
is_linear=0
shrinkage=0.05


Tree=9
num_leaves=31
num_cat=0
split_feature=7 4 7 7 8 7 4 3 0 3 4 8 0 3 8 0 2 4 7 0 4 3 1 2 4 3 3 7 4 0
split_gain=176.046 103.27 38.2562 25.2802 16.9832 15.416 13.4019 11.7343 11.7198 10.3331 10.1768 9.73148 9.82592 12.7008 9.47716 9.46788 8.70591 7.36395 6.93996 6.68327 6.34605 6.04645 6.69286 5.97223 5.52898 5.38741 5.62277 5.29285 5.25837 9.05527
threshold=8.5000000000000018 0.24351260298541147 34.500000000000007 39.500000000000007 4.5000000000000009 1.0000000180025095e-35 1.6804969437170276 4.8350000000000009 63.500000000000007 6.2534298794279115 -2.0949999999999993 5.5000000000000009 32.500000000000007 9.0448241742616737 3.5000000000000004 68.500000000000014 10.712292058130416 4.1385266676981249 27.500000000000004 28.500000000000004 -2.1449999999999996 9.1639000464808493 3810285.7829277036 6.2100279432308154 1.2805488623049064 8.8276165957626382 12.596924799436193 64.500000000000014 -1.156447999582872 31.500000000000004
decision_type=2 2 2 2 2 2 2 2 2 2 2 2 2 2 2 2 2 2 2 2 2 2 2 2 2 2 2 2 2 2
left_child=5 3 4 7 6 21 8 -2 23 -7 14 12 13 -4 -5 20 -11 -6 19 -8 -9 -1 -23 -3 -25 -21 -27 28 -12 -30
right_child=1 2 11 10 17 9 18 15 -10 16 27 -13 -14 -15 -16 -17 -18 -19 -20 25 -22 22 -24 24 -26 26 -28 -29 29 -31
leaf_value=-0.071497205856834473 -0.06430409879979658 -0.042598814200684593 -0.042738551651756711 -0.078110396513337788 -0.0032263537072047877 -0.072727545605970487 -0.026970322227281959 -0.066445442035810251 -0.078777407887797371 -0.0062794744975214409 -0.013582750038498285 0.0041495975249891508 0.055735364924341474 0.040409689396961018 0.0065107321385989604 -0.085317198500546809 -0.072441859531914107 -0.053613909348109313 0.051669404993190872 -0.0056591012324481507 -0.013763469576358807 -0.037154272938291176 -0.079156445011548893 0.035387312983497045 -0.01893485777039702 0.044259569183218009 0.0097106982791606393 0.058879450077419265 -0.036216154252562201 0.037936266621548864
leaf_weight=46.988396123051643 25.969596907496452 5.0208120644092622 5.8214100152254131 6.2170709371566755 33.988678976893425 9.386493578553198 6.193534478545188 6.3633806705474845 4.7504618465900412 38.079710319638252 15.142771750688548 12.523846685886381 129.18014737963676 21.758923724293709 7.0729492008686066 5.9117608815431586 5.7186910510063163 9.2175759822130185 28.975729167461395 10.391006559133528 56.219297111034393 40.916667997837067 12.346177533268927 14.606091216206552 6.8955444246530524 38.125819161534309 17.040218099951744 6.3560069352388373 5.117853030562407 21.054726853966713
leaf_count=205 112 21 24 26 141 40 26 27 20 159 62 51 550 92 29 25 24 38 122 43 234 172 52 61 29 160 71 26 21 86
internal_value=-3.17262e-05 0.0143472 0.0296116 -0.0194855 0.0132334 -0.0468801 0.0221396 -0.0356847 -0.00645305 -0.0251209 0.00561632 0.0465628 0.0499512 0.0228595 -0.033075 -0.0248336 -0.0149182 -0.013976 0.0310169 0.0226766 -0.0191202 -0.0584237 -0.0468903 0.00650104 0.0179663 0.027367 0.0335878 0.0164029 0.0098682 0.0234363
internal_weight=653.351 499.915 344.49 155.425 175.205 153.436 131.999 94.464 31.2729 53.1849 60.9614 169.284 156.76 27.5803 13.29 68.4944 43.7984 43.2063 100.726 71.7506 62.5827 100.251 53.2628 26.5224 21.5016 65.557 55.166 47.6714 41.3154 26.1726
internal_count=2749 2097 1449 648 732 652 553 398 131 223 250 717 666 116 55 286 183 179 422 300 261 429 224 111 90 274 231 195 169 107
is_linear=0
shrinkage=0.05


Tree=10
num_leaves=31
num_cat=0
split_feature=7 4 7 3 8 2 3 8 7 0 7 4 0 0 7 0 4 1 4 0 2 1 2 1 2 0 4 4 0 1
split_gain=161.305 65.6752 47.9183 39.2126 22.666 14.3112 12.9237 10.1228 9.93482 9.98578 9.584 8.77716 8.33127 7.43517 7.34764 6.41751 6.01709 5.94426 7.33267 5.77649 5.59158 5.36375 5.67102 7.67142 6.99516 5.21632 4.81073 4.78865 4.74934 4.7033
threshold=26.500000000000004 -0.48159319834402931 1.0000000180025095e-35 6.8808414713633113 5.5000000000000009 9.6550000000000029 6.0250000000000012 5.5000000000000009 46.500000000000007 72.500000000000014 39.500000000000007 2.9546735115439917 33.500000000000007 69.500000000000014 40.500000000000007 64.500000000000014 -1.6849999999999998 3810285.7829277036 1.2550000000000001 26.500000000000004 10.755000000000001 3923131.8310430385 10.058300232246964 927007.80000000016 8.9400092089472931 23.500000000000004 2.418092708589382 0.045000000000000005 34.500000000000007 3715452.0700000008
decision_type=2 2 2 2 2 2 2 2 2 2 2 2 2 2 2 2 2 2 2 2 2 2 2 2 2 2 2 2 2 2
left_child=2 6 17 -4 8 7 16 13 9 11 -8 25 29 -5 -6 19 -2 18 28 -7 -21 22 23 -12 -25 -3 -22 -10 -1 -13
right_child=1 4 3 5 14 15 10 -9 27 -11 21 12 -14 -15 -16 -17 -18 -19 -20 20 26 -23 -24 24 -26 -27 -28 -29 -30 -31
leaf_value=-0.033353174062144685 -0.064778398750299102 -0.021826602929011129 -0.055497367358701255 0.017379444895453809 -0.04532570531227622 -0.061245292484112757 -0.035003727566650426 -0.0339258094810354 0.01189442041817862 -0.033139066075962335 0.06623151733426863 -0.023334177051581709 0.058074350244095234 -0.034655813712106388 0.013585815096204185 -0.056799084717016217 -0.018903897312140611 -0.078911116899715708 -0.033341283692727951 0.011097053700186897 -0.047136829607482805 0.057120876944135417 -0.03309542388235015 -0.042800424340096482 0.03865306827693632 0.027032299694670515 0.0029611181802917542 0.054596811208241336 -0.074673639165785718 0.044707438651508669
leaf_weight=9.2556044012308103 15.833924263715746 5.8872895687818518 42.490436643362045 94.301779016852379 9.9602488130331057 5.6974314451217642 14.016095414757727 12.596475839614866 7.0486858934164038 5.7675219029188147 5.883576914668093 5.4785352945327741 46.571065679192543 7.4039039909839621 11.294852986931799 10.936135068535803 13.030335694551466 20.443623885512352 38.83110798895359 20.158892780542374 11.544621229171755 6.0629628896713248 7.0646402686834326 5.675109848380087 4.9217788875102997 75.768000990152359 8.1924547404050809 95.716533854603767 27.966613993048668 4.7346999049186707
leaf_count=41 68 25 183 395 41 24 58 52 29 24 24 23 200 31 46 46 54 89 165 84 49 25 29 23 20 320 34 411 124 20
internal_value=0.000370624 0.0241126 -0.025739 -0.0125137 0.0355244 -0.00182249 -0.0181146 0.00835486 0.0397884 0.0313228 -0.000941637 0.0340084 0.0491055 0.0135914 -0.0140204 -0.022401 -0.044069 -0.0549756 -0.0485416 -0.0141502 -0.00742465 0.0151829 0.00438374 0.0204498 -0.00496894 0.0235096 -0.0263422 0.0516678 -0.064399 0.00820888
internal_weight=650.535 340.716 309.819 213.322 268.227 170.832 72.4884 114.302 246.972 144.207 43.6242 138.44 56.7843 101.706 21.2551 56.5295 28.8643 96.497 76.0533 45.5934 39.896 29.6081 23.5451 16.4805 10.5969 81.6553 19.7371 102.765 37.2222 10.2132
internal_count=2757 1440 1317 898 1139 715 301 478 1052 612 179 588 243 426 87 237 122 419 330 191 167 121 96 67 43 345 83 440 165 43
is_linear=0
shrinkage=0.05


Tree=11
num_leaves=31
num_cat=0
split_feature=4 8 5 5 5 4 0 0 3 1 1 1 0 3 4 1 2 1 1 3 0 0 4 5 0 4 2 1 1 1
split_gain=98.6777 38.25 24.2753 22.1565 22.2469 15.0541 14.6989 11.6348 10.7703 9.70066 9.56596 9.30652 12.0536 9.20177 8.51231 7.23644 6.88153 7.46243 9.48394 6.40179 6.08635 6.06828 6.31276 5.74842 10.5669 6.31386 5.85118 5.62081 5.16148 10.2383
threshold=0.24351260298541147 5.5000000000000009 16.500000000000004 21.500000000000004 1.0000000180025095e-35 -1.6849999999999998 71.500000000000014 33.500000000000007 6.8362061352517385 4764505.5650000004 4303440.9370368076 2093688.9634738525 50.500000000000007 11.526978971965628 2.9546735115439917 1126033.9090094198 10.542991610985363 1565400.9713526443 3989567.3978503118 10.694307618113408 31.500000000000004 67.500000000000014 -0.58803035038238194 10.500000000000002 30.500000000000004 -1.4682763859585359 7.0046691052754104 422946.88683882391 3627433.891154069 2364997.7694239574
decision_type=2 2 2 2 2 2 2 2 2 2 2 2 2 2 2 2 2 2 2 2 2 2 2 2 2 2 2 2 2 2
left_child=2 3 5 4 14 8 7 27 -1 10 11 15 20 -8 -2 -5 19 -18 -19 -9 -13 23 -23 24 -7 -25 -26 -6 29 -29
right_child=1 -3 -4 9 6 21 13 16 -10 -11 -12 12 -14 -15 -16 -17 17 18 -20 -21 -22 22 -24 25 26 -27 -28 28 -30 -31
leaf_value=-0.060350510318725875 -0.065392660727146584 -0.030121658222378347 -0.04982956005198514 -0.010550070439891004 0.051387744974372353 -0.067051024067319401 -0.069444121980579337 0.030195734283857769 -0.0055091648691000979 0.048636470403579379 -0.074390959164613801 -0.0089260117496552573 -0.040850154779584064 0.0093180349614876666 0.0042531770707546959 -0.06879435680428056 -0.033484759296603536 0.040503862704984378 -0.032065601553917376 0.048259139379398297 0.047644380432928936 0.00048325420202413415 -0.079265119659228514 -0.033135116926597832 -0.031949635748505338 0.026367355304513375 0.013008890014669157 0.013105675257639577 0.023831166912151688 -0.044784607417580696
leaf_weight=24.701808154582977 8.8272780776023883 44.709012851119041 79.798531472682953 14.97877871990204 7.4352704137563697 6.9078995436429969 5.8697386384010306 108.60338012874126 14.04170700907707 6.8606609851121894 5.9333815574645987 6.9158127903938356 8.248341500759123 10.070589452981947 8.7225313484668714 8.2811438888311368 6.6485374867916098 21.837616413831714 5.671411156654357 89.450249269604683 15.215114608407019 4.9151048958301544 5.0118615478277189 5.2782530635595313 10.037442356348036 28.69730469584465 25.939316973090172 21.679529175162315 22.135786160826683 11.791736423969267
leaf_count=109 38 187 346 64 32 30 25 467 59 29 25 29 35 42 37 35 28 93 24 386 65 21 22 22 43 119 109 92 94 50
internal_value=0.000353358 0.0137126 -0.0282668 0.0186719 0.0239941 -0.0145596 0.0270829 0.0296078 -0.0404745 -0.00766479 -0.0141487 -0.00748492 0.0107388 -0.0196847 -0.0307776 -0.0312866 0.0347794 0.0140533 0.0255425 0.038354 0.0299664 -0.00299061 -0.0397796 0.00176091 -0.0104101 0.0171234 0.000465553 0.0105586 0.00509932 -0.00728874
internal_weight=645.215 439.886 205.329 395.177 328.744 125.531 311.194 295.254 38.7435 66.4332 59.5726 53.6392 30.3793 15.9403 17.5498 23.2599 232.211 34.1576 27.509 198.054 22.1309 86.7872 9.92697 76.8602 42.8847 33.9756 35.9768 63.0423 55.6071 33.4713
internal_count=2757 1877 880 1690 1408 534 1333 1266 168 282 253 228 129 67 75 99 998 145 117 853 94 366 43 323 182 141 152 268 236 142
is_linear=0
shrinkage=0.05


Tree=12
num_leaves=31
num_cat=0
split_feature=6 7 7 4 8 4 2 7 2 6 7 5 7 4 0 2 7 5 0 5 5 7 2 4 2 5 7 5 5 5
split_gain=176.362 101.836 61.9225 59.1501 19.1486 18.385 15.6546 15.3715 15.0402 13.4484 14.9528 12.3769 11.739 11.335 10.3724 10.0463 9.74707 11.2268 9.26069 9.2482 9.17602 10.8882 8.5416 8.41905 7.49933 5.75891 5.63148 5.59271 5.48457 5.41437
threshold=383.50000000000006 6.5000000000000009 40.500000000000007 -1.156447999582872 5.5000000000000009 2.599554826433772 6.689360905356863 31.500000000000004 10.130093244269604 549.50000000000011 27.500000000000004 17.500000000000004 1.0000000180025095e-35 1.5923442539951254 32.500000000000007 9.7450000000000028 62.500000000000007 9.5000000000000018 38.500000000000007 19.500000000000004 6.5000000000000009 39.500000000000007 10.309107976505549 3.4728059097111399 4.8350000000000009 16.500000000000004 3.5000000000000004 8.5000000000000018 25.500000000000004 12.500000000000002
decision_type=2 2 2 2 2 2 2 2 2 2 2 2 2 2 2 2 2 2 2 2 2 2 2 2 2 2 2 2 2 2
left_child=1 11 9 6 7 8 -3 13 16 10 -2 12 23 14 -5 25 17 -4 -6 -20 -8 -22 24 27 -15 -12 -14 -1 -9 -19
right_child=2 3 5 4 18 -7 20 28 -10 -11 15 -13 26 22 -16 -17 -18 29 19 -21 21 -23 -24 -25 -26 -27 -28 -29 -30 -31
leaf_value=-0.076139778948419834 -0.050917692243138794 -0.073247503941545611 -0.076119411138051263 -0.04769524656614766 -0.048731130525470762 0.037628413554601267 0.048766342602275803 0.057353577171900462 -0.069695354348783156 -0.06689107398824147 0.039869214121486155 -0.061013800017625699 0.039969755238544367 -0.0063221021093435711 0.020187318697427042 -0.060222089531759261 0.04115112605743073 0.045006607555016516 0.040335209582432772 -0.037630313117644351 -0.052438524057018543 0.012800157636149232 -0.0027945787990638609 0.0074216859422890609 0.052719855950500133 -0.019664519330300223 -0.018551900490112443 -0.028733511083144522 0.022420769944235967 -0.016334184261506367
leaf_weight=11.189128816127779 60.376471653580666 11.352651834487913 6.0123008042573955 6.7469622492790213 7.3742111921310451 26.369873628020287 6.3759622722864142 136.10159237682819 9.8440236896276456 77.201364561915398 10.173973053693777 25.223179534077644 9.950004309415819 5.8831992596387854 33.910679146647453 5.7844069302082053 10.265423655509947 5.3567847162485149 13.033489063382151 5.3709976822137824 12.207872346043589 13.433378994464872 9.5613840073347074 8.6368271261453611 62.66200752556324 6.7619671523571006 7.0048912018537512 14.013024955987929 12.247187212109564 10.95298610627651
leaf_count=50 264 50 25 28 30 111 26 602 41 343 42 111 41 24 141 24 43 22 53 22 52 55 40 35 267 28 29 61 52 45
internal_value=0.000336358 0.0198812 -0.0348358 0.0316964 0.039766 0.00484201 -0.0228 0.0437376 -0.0155337 -0.0518659 -0.0379067 -0.0323835 -0.0181663 0.0303322 0.0089225 -0.00333145 0.00082742 -0.0177166 -0.00138709 0.0175825 -0.00491239 -0.0182602 0.0414769 -0.0351808 0.0476523 0.0160993 0.0157916 -0.0497807 0.0544696 0.0038126
internal_weight=641.378 412.279 229.1 336.262 292.892 68.8014 43.3699 267.113 42.4315 160.298 83.0968 76.0171 50.7939 118.764 40.6576 22.7203 32.5875 22.3221 25.7787 18.4045 32.0172 25.6413 78.1066 33.839 68.5452 16.9359 16.9549 25.2022 148.349 16.3098
internal_count=2757 1769 988 1442 1259 287 183 1154 176 701 358 327 216 500 169 94 135 92 105 75 133 107 331 146 291 70 70 111 654 67
is_linear=0
shrinkage=0.05


Tree=13
num_leaves=31
num_cat=0
split_feature=6 7 3 7 4 7 4 4 7 5 6 7 5 2 7 5 6 6 5 7 4 5 5 5 4 6 6 5 5 7
split_gain=161.24 93.0187 57.2456 57.1319 16.7117 16.0872 15.3422 14.7986 13.9177 13.6057 12.8133 13.9695 11.4476 10.8266 10.7309 10.0443 9.76218 9.25331 9.19023 8.60208 7.78723 6.36333 6.08775 5.58949 6.24303 5.63869 5.58191 5.44803 5.33532 5.09876
threshold=383.50000000000006 6.5000000000000009 6.5982144835982064 40.500000000000007 2.599554826433772 37.500000000000007 -1.1349999999999996 0.54010596771469077 59.500000000000007 16.500000000000004 549.50000000000011 25.500000000000004 17.500000000000004 9.8539414807838615 1.0000000180025095e-35 7.5000000000000009 214.50000000000003 206.50000000000003 14.500000000000002 25.500000000000004 3.4728059097111399 14.500000000000002 23.500000000000004 16.500000000000004 -0.054563984864849445 102.50000000000001 282.50000000000006 12.500000000000002 8.5000000000000018 3.5000000000000004
decision_type=2 2 2 2 2 2 2 2 2 2 2 2 2 2 2 2 2 2 2 2 2 2 2 2 2 2 2 2 2 2
left_child=1 12 6 10 8 7 -3 9 13 16 11 -2 14 15 20 -5 -4 -9 -13 -8 28 -10 -19 -7 25 -25 -26 -17 -1 -16
right_child=3 2 5 4 -6 23 19 17 21 -11 -12 18 -14 -15 29 27 -18 22 -20 -21 -22 -23 -24 24 26 -27 -28 -29 -30 -31
leaf_value=-0.074238384719512412 -0.050767392462190024 -0.049034818099879633 0.037639187744527333 -0.079012274558464546 0.036019379880719953 0.061552985719786305 -0.0304934973428048 0.047802074359694156 0.04997988125928636 -0.050286941225248342 -0.064934788542183597 0.019709766931145296 -0.058885867992495025 -0.08508213947181624 0.038101391735879529 0.044889714220083213 -0.037863710073836078 0.026924178723547149 -0.039078638679466704 0.028525272032232325 0.00704526263517718 -0.019654769481558792 -0.025658542817010771 0.041793789487549554 0.06216838224620333 -0.03404623451838263 0.01511927110883054 -0.017837931384715146 -0.027523819745142578 -0.017600162954380837
leaf_weight=10.909012019634249 55.360932409763336 22.984010130167007 18.185428142547611 4.7946401983499589 26.175467044115067 74.892158165574074 9.7775252014398593 77.511384397745132 9.2372613996267301 9.7429700046777707 75.591795712709427 14.733242452144625 24.837764650583267 7.8675035983324042 9.9168605953454989 5.3027167320251456 5.5993101149797431 49.098885923624039 12.113848119974135 16.751693114638329 8.6432024091482145 5.0877398997545233 6.1994117051362982 4.8945512473583204 23.290464431047443 4.9089793264865875 8.6436401009559614 9.9689377397298795 13.9003829061985 7.0142484307289115
leaf_count=50 246 101 75 20 111 338 41 335 39 41 343 61 111 33 41 22 23 211 51 69 35 21 26 20 104 20 38 41 61 29
internal_value=0.000321538 0.0191057 0.0304655 -0.0335298 0.00462481 0.0391441 -0.0191327 0.0291613 -0.0148213 -0.000521064 -0.0500766 -0.0364141 -0.031105 -0.0353696 -0.0174098 -0.0158785 0.0198646 0.0366546 -0.00681653 0.0067735 -0.0338259 0.0252481 0.0210292 0.0533816 0.0387191 0.00381797 0.0494335 0.00394274 -0.0480648 0.0150253
internal_weight=633.936 407.702 332.48 226.234 68.4343 282.967 49.5132 166.337 42.2588 33.5277 157.8 82.208 75.2215 27.9338 50.3837 20.0663 23.7847 132.81 26.8471 26.5292 33.4526 14.325 55.2983 116.63 41.7376 9.80353 31.9341 15.2717 24.8094 16.9311
internal_count=2757 1769 1442 988 287 1231 211 711 176 139 701 358 327 116 216 83 98 572 112 110 146 60 237 520 182 40 142 63 111 70
is_linear=0
shrinkage=0.05


Tree=14
num_leaves=31
num_cat=0
split_feature=6 3 8 4 5 4 4 4 6 0 2 5 5 6 6 3 5 2 5 4 5 6 6 2 6 6 0 6 3 5
split_gain=147.521 62.9813 24.534 17.8279 15.8608 14.5692 11.9794 11.1749 10.8834 9.81356 9.68627 12.3853 9.12807 8.91825 8.3015 7.37012 8.5453 7.64868 7.18753 7.00955 8.10267 6.65909 6.51012 6.20498 5.81668 5.63 5.42789 5.21611 5.91335 5.01386
threshold=383.50000000000006 6.5982144835982064 5.5000000000000009 2.31316342092056 16.500000000000004 -1.5781615881721383 4.5581094186405471 0.24351260298541147 118.50000000000001 72.500000000000014 7.0626290474578344 22.500000000000004 26.500000000000004 528.50000000000011 461.50000000000006 12.671097122083866 15.500000000000002 8.7103595813093708 12.500000000000002 -1.9249999999999996 1.0000000180025095e-35 87.500000000000014 56.500000000000007 9.8539414807838615 206.50000000000003 335.50000000000006 44.500000000000007 476.50000000000006 12.027208807012412 22.500000000000004
decision_type=2 2 2 2 2 2 2 2 2 2 2 2 2 2 2 2 2 2 2 2 2 2 2 2 2 2 2 2 2 2
left_child=1 5 4 14 9 -1 10 12 22 19 -5 13 21 27 18 16 17 -4 -2 -3 -21 -6 -7 29 -22 -10 -15 28 -12 -16
right_child=3 2 15 6 7 8 -8 -9 25 -11 11 -13 -14 26 23 -17 -18 -19 -20 20 24 -23 -24 -25 -26 -27 -28 -29 -30 -31
leaf_value=-0.058463314737177918 0.01092399483547319 -0.0093206334442240829 0.028505926128322839 -0.034658893428580799 0.047601889924765113 -0.022030686929738211 -0.064196330601992327 0.023975492650511264 -0.039198634453881727 -0.027640066766508899 0.058422552622516971 -0.062609274925433847 -0.077943191317770097 -0.042601676372427712 -0.036993460438712329 0.036548186319638673 -0.057660456312816404 -0.048684068873347197 -0.040549580765541875 -0.0022148629606900559 0.053010163173579587 -0.019789197127340872 0.05009122251341374 -0.069838578049553096 0.034811236914983952 0.016032429872074396 0.0082474143091591009 0.065407654599077478 -0.0055896999409017671 -0.070514667217627655
leaf_weight=23.233466759324074 11.505281344056131 6.6016709804534903 8.7538830637931877 23.372737273573875 5.2612559795379701 4.6521903723478308 10.734125152230261 82.731626138091087 21.630757525563244 5.2966098040342322 5.5494769215583828 6.1853650957345954 4.6942652910947791 8.1151046156883258 65.368390098214149 5.6556763201951972 11.849156126379965 5.0667924582958213 16.519442573189735 9.3829590827226621 105.54808223247528 12.086824536323546 9.5560006797313672 28.783251017332077 75.179084539413452 5.8651275336742392 14.855071619153021 8.4682546555995923 10.311735346913336 13.450399562716482
leaf_count=107 50 28 36 103 22 20 47 364 93 22 24 27 21 35 294 23 51 21 72 41 470 51 40 130 334 25 63 36 44 63
internal_value=0.000307492 0.018367 0.027029 -0.0323009 0.0313329 -0.0267332 -0.0147178 0.0155468 -0.00905626 0.0395206 -0.00780756 0.00392636 -0.0160885 0.0126272 -0.0436566 -0.0151205 -0.0265044 0.000207332 -0.0194176 0.0413289 0.0430877 0.0006489 0.0264763 -0.0499696 0.0454398 -0.0274173 -0.009717 0.033723 0.0168067 -0.0427138
internal_weight=626.264 403.045 338.108 223.219 306.782 64.9375 87.5919 104.774 41.7041 202.008 76.8577 53.485 22.0423 47.2996 135.627 31.3255 25.6698 13.8207 28.0247 196.712 190.11 17.3481 14.2082 107.602 180.727 27.4959 22.9702 24.3295 15.8612 78.8188
internal_count=2757 1769 1484 988 1353 285 379 458 178 895 332 229 94 202 609 131 108 57 122 873 845 73 60 487 804 118 98 104 68 357
is_linear=0
shrinkage=0.05


Tree=15
num_leaves=31
num_cat=0
split_feature=6 7 7 3 4 7 7 2 1 6 6 6 1 7 1 4 1 2 0 4 3 1 3 1 1 1 0 4 6 4
split_gain=144.13 74.1398 55.865 35.7763 21.83 16.62 14.2752 13.7982 11.5494 11.1649 9.84415 9.66006 9.30132 9.2481 9.18862 9.02168 8.29045 9.26533 8.03734 8.4498 7.31314 7.16215 7.14082 7.09746 8.45211 12.9602 7.03174 7.24408 7.75065 7.98543
threshold=306.50000000000006 6.5000000000000009 27.500000000000004 6.7550000000000008 0.14739201117859058 31.500000000000004 46.500000000000007 10.309107976505549 2928047.1485198489 515.50000000000011 621.50000000000011 183.50000000000003 2387217.5038046138 25.500000000000004 3180813.0652680984 -1.7995036564313975 858807.86640019284 5.245000000000001 69.500000000000014 1.5702505863156584 7.0511709795563755 3551426.8100000005 13.010557043600633 3973144.9450000008 2474809.2404667893 807361.69402804587 48.500000000000007 4.1385266676981249 346.50000000000006 0.61820072574963703
decision_type=2 2 2 2 2 2 2 2 2 2 2 2 2 2 2 2 2 2 2 2 2 2 2 2 2 2 2 2 2 2
left_child=1 11 9 13 12 7 8 18 -6 20 -8 15 -4 -3 -14 -1 -15 -18 19 -5 -2 -19 -10 24 25 -17 -22 28 -28 -30
right_child=2 3 4 5 6 -7 10 -9 22 -11 -12 -13 14 16 -16 23 17 21 -20 -21 26 -23 -24 -25 -26 -27 27 -29 29 -31
leaf_value=-0.070973795172769624 -0.064501819849866748 -0.042402141073200714 -0.060308801205764623 0.012839585704584135 -0.031074283474955569 0.053158617086208129 0.039369782477384783 -0.011626729596333979 0.0012161260684559094 -0.063404264108217465 -0.024489088705753611 -0.061200024578514173 0.02400904276936543 0.060643103129984915 -0.03869709954647322 0.032010614686579057 0.033396795530756737 -0.063402200554488169 -0.027997302905989299 0.048688179473429169 -0.044538366831553641 0.013472615007377901 0.064461113627735614 -0.058296318700644924 0.035102125604491066 -0.051897428153972247 0.045071373634235294 -0.068206303795640119 -0.060535202660565002 0.0065983665081880433
leaf_weight=6.4091388732194892 17.194341316819191 14.28739909827709 18.888830229640007 22.949338421225548 27.969328612089157 123.10730420053005 38.158595383167267 19.698285281658173 19.979502260684971 66.85653692483902 7.1687510907649985 16.451682448387146 9.7560586631298083 5.7429717928171184 14.562315911054609 7.6981826126575532 8.5116668194532412 7.8957256376743299 4.8120067417621604 57.932773187756538 30.886640101671219 4.9163476675748825 5.7468458861112586 5.6509469002485266 12.201347291469572 11.442107081413267 6.8522184491157594 4.6759350448846808 6.7888445258140591 12.745937913656233
leaf_count=31 81 63 84 97 119 565 167 83 84 318 29 74 41 24 64 33 36 34 20 254 135 21 25 25 52 49 29 20 31 55
internal_value=-0.000807326 0.0217704 -0.026634 0.0329368 -0.00433164 0.0406817 0.00860768 0.0261077 -0.00883462 -0.0483604 0.0292702 -0.028574 -0.0339862 -0.00985761 -0.0135406 -0.0162069 0.00732131 -0.00703947 0.0347816 0.0385166 -0.0356522 -0.0339032 0.015344 -0.00671833 0.00258126 -0.0181498 -0.0276449 -0.0108474 -0.000683019 -0.0167323
internal_weight=617.938 329.707 288.231 269.854 142.23 228.5 99.023 105.392 53.6957 146 45.3273 59.8534 43.2072 41.3541 24.3184 43.4017 27.0667 21.3237 85.6941 80.8821 79.1439 12.8121 25.7263 36.9926 31.3416 19.1403 61.9496 31.0629 26.387 19.5348
internal_count=2743 1461 1282 1197 613 1019 424 454 228 669 196 264 189 178 105 190 115 91 371 351 351 55 109 159 134 82 270 135 115 86
is_linear=0
shrinkage=0.05


Tree=16
num_leaves=31
num_cat=0
split_feature=6 7 7 3 7 6 7 2 8 6 8 6 7 1 1 2 3 1 3 8 0 0 6 1 1 1 1 1 7 2
split_gain=131.737 67.7616 51.7895 32.8627 15.6827 14.4444 12.6405 12.6201 11.2112 10.8007 10.5875 8.95161 8.43234 7.4931 8.691 7.62304 6.98191 6.87645 9.11441 6.76503 6.52547 6.41858 6.2928 5.95989 6.70107 8.77226 6.32073 5.76127 8.74337 7.59569
threshold=306.50000000000006 6.5000000000000009 27.500000000000004 6.7550000000000008 31.500000000000004 543.50000000000011 53.500000000000007 10.309107976505549 4.5000000000000009 515.50000000000011 5.5000000000000009 183.50000000000003 25.500000000000004 858807.86640019284 3551426.8100000005 5.5550000000000006 7.0511709795563755 1655202.6884889598 12.926805144327727 5.5000000000000009 39.500000000000007 48.500000000000007 341.50000000000006 3973144.9450000008 2474809.2404667893 807361.69402804587 2859416.4150000005 4081254.8900000006 46.500000000000007 5.1272854165689763
decision_type=2 2 2 2 2 2 2 2 2 2 2 2 2 2 2 2 2 2 2 2 2 2 2 2 2 2 2 2 2 2
left_child=1 11 9 12 7 10 17 8 -5 16 27 23 -3 -14 15 -15 -2 -7 -19 -6 -8 -18 -23 24 25 -1 -26 28 29 -4
right_child=2 3 5 4 19 6 20 -9 -10 -11 -12 -13 13 14 -16 -17 21 18 -20 -21 -22 22 -24 -25 26 -27 -28 -29 -30 -31
leaf_value=0.011832870410880186 -0.062860961013548072 -0.040684704146410448 0.046487007492510335 0.043218826941292143 0.054780546443920067 -0.074495775089932215 -0.036416283189307744 -0.011032942556164889 -0.00015626538210416414 -0.06181957754025133 -0.04768784687514141 -0.0591146472251615 0.057682429614275679 0.0059313506739518927 0.036137006331539233 -0.068827154269365601 -0.042685710481759384 -0.042798382601835744 0.032984752141996046 0.0095871550997240346 0.033071359594393994 0.029208442016721754 -0.023250824454440072 -0.058542237608859987 0.067040188314657384 -0.051645117338878527 -0.0040865533265401037 0.036083797788564041 0.025748612761905189 -0.02174736621896179
leaf_weight=9.491312116384508 16.771766930818558 14.149543374776838 4.7624880820512763 65.608431041240692 111.97701740264893 11.167092069983481 4.880658045411109 19.719938516616821 19.273863226175308 65.184413239359856 7.8272062689065924 16.187200590968132 5.7359977960586574 6.9816691130399722 7.5989073216915122 6.6654273122549057 30.62261863052845 19.059968486428264 5.0105699300765982 8.9417972117662412 10.978143140673636 7.5755376517772701 23.296686485409737 6.7807039320468894 4.6728556603193274 12.758898973464964 9.4204560816287977 20.57205468416214 28.691861465573311 28.398009791970253
leaf_count=42 81 63 20 291 528 50 20 83 80 318 33 74 24 30 32 29 135 85 21 37 46 32 103 31 20 56 41 89 127 122
internal_value=-0.000778274 0.0209273 -0.0256212 0.0316789 0.0391752 -0.00414152 -0.0253841 0.0249989 0.0333698 -0.0467861 0.0078851 -0.0274098 -0.0094223 0.00697192 -0.00671891 -0.0305817 -0.0342654 -0.0420677 -0.0270232 0.0514386 0.011686 -0.0264664 -0.0103782 -0.0155089 -0.00748011 -0.0245672 0.0194966 0.0131624 0.00553879 -0.0119476
internal_weight=610.763 325.964 284.799 266.653 225.521 141.348 51.0964 104.602 84.8823 143.451 90.2516 59.3114 41.1315 26.982 21.246 13.6471 78.2666 35.2376 24.0705 120.919 15.8588 61.4948 30.8722 43.1242 36.3435 22.2502 14.0933 82.4244 61.8524 33.1605
internal_count=2743 1461 1282 1197 1019 613 222 454 371 669 391 264 178 115 91 59 351 156 106 565 66 270 135 190 159 98 61 358 269 142
is_linear=0
shrinkage=0.05


Tree=17
num_leaves=31
num_cat=0
split_feature=6 7 7 3 4 7 5 5 6 6 5 1 1 1 5 5 7 2 6 2 7 4 5 3 6 2 4 3 1 6
split_gain=120.414 61.9589 48.0467 30.2089 19.3157 14.8507 16.1363 12.7497 12.8171 10.4862 8.62929 9.08653 8.4238 8.47956 8.37803 10.7775 9.61188 8.33501 8.23364 7.46227 6.75119 7.0936 10.1955 6.686 6.61754 5.82456 5.75556 9.90812 6.47878 5.64714
threshold=306.50000000000006 6.5000000000000009 27.500000000000004 6.7550000000000008 0.14739201117859058 31.500000000000004 21.500000000000004 21.500000000000004 676.50000000000011 515.50000000000011 16.500000000000004 3764685.4835859579 2387217.5038046138 3180813.0652680984 15.500000000000002 9.5000000000000018 31.500000000000004 8.1845085838088654 80.500000000000014 10.341504542366524 46.500000000000007 2.4914859852709079 17.500000000000004 7.0511709795563755 116.50000000000001 5.4533447641364221 1.1665322466274646 11.391996568882272 2680341.1929808375 524.50000000000011
decision_type=2 2 2 2 2 2 2 2 2 2 2 2 2 2 2 2 2 2 2 2 2 2 2 2 2 2 2 2 2 2
left_child=1 10 9 14 12 6 19 8 20 23 11 26 -4 -14 15 24 -16 -9 -8 -5 21 -6 -23 -2 -3 -18 28 -28 -1 -15
right_child=2 3 4 5 7 -7 18 17 -10 -11 -12 -13 13 29 16 -17 25 -19 -20 -21 -22 22 -24 -25 -26 -27 27 -29 -30 -31
leaf_value=-0.061864630488441187 -0.061324823207227375 0.016413775113538406 -0.057567227935828205 0.039523215644936716 -0.017493630619208632 0.049837792039157974 0.025104307494207369 -0.0035739812089099973 -0.054276616706381564 -0.06033260235685553 -0.051480871759131443 -0.066260954098800687 0.02327526546134261 -0.010082441858821442 -0.07535085838228972 0.047725974007323119 0.038852207854548584 -0.080677586500376847 -0.045842183479564695 0.00045565361702802252 0.036784142666402751 0.04444986907487998 -0.029739597178093508 -0.025319252284799074 -0.061046181397913568 -0.034271886008943091 0.052428891619123244 -0.021462192214604981 0.0092687901787693872 -0.073492752271472644
leaf_weight=6.3943560421466845 16.343208998441696 5.476420536637308 18.411741778254509 71.476908206939697 16.950233101844788 118.6248576939106 6.4729250669479397 8.5979676842689496 6.0584447085857382 63.494477644562721 21.509795650839806 6.34084329009056 9.769164443016054 8.2371957004070264 7.9171968102455166 10.773388549685476 4.7225626409053785 5.9173566848039618 11.106295958161352 14.744406178593634 36.731401324272156 17.50979016721249 6.2959819585084906 61.081045731902122 5.5532704144716263 6.4323895424604416 9.5967732518911379 8.6044279485940915 6.4096750915050507 6.1196949183940879
leaf_count=30 81 23 84 317 71 565 28 37 26 318 100 29 41 35 37 45 20 25 47 62 163 75 27 270 25 28 40 36 29 29
internal_value=-0.000750021 0.020125 -0.0246385 0.0304921 -0.00395889 0.0377523 0.0239409 0.00824711 0.015762 -0.0452712 -0.0262538 -0.011724 -0.032097 -0.0126595 -0.00901481 0.0121567 -0.0332178 -0.0350062 -0.0197187 0.0328424 0.021238 0.00722708 0.0248288 -0.0329195 -0.0225861 -0.00331406 -0.00057075 0.0174977 -0.0262554 -0.0371114
internal_weight=603.674 322.156 281.518 263.301 140.599 222.425 103.801 98.0612 83.5459 140.919 58.8559 37.3461 42.5378 24.1261 40.8752 21.8031 19.0721 14.5153 17.5792 86.2213 77.4874 40.756 23.8058 77.4243 11.0297 11.155 31.0052 18.2012 12.804 14.3569
internal_count=2743 1461 1282 1197 613 1019 454 424 362 669 264 164 189 105 178 93 85 62 75 379 336 173 102 351 48 48 135 76 59 64
is_linear=0
shrinkage=0.05


Tree=18
num_leaves=31
num_cat=0
split_feature=6 7 7 3 4 7 5 5 6 6 6 4 5 5 7 2 2 6 4 8 8 8 3 3 2 7 4 5 6 7
split_gain=110.136 56.6777 44.4835 27.7483 17.6375 14.0391 14.71 11.5625 11.6675 10.3105 8.20239 8.40377 7.65956 9.74909 9.03454 7.64835 7.60684 7.46497 7.41155 6.85435 6.62862 6.60328 7.59574 6.30027 10.0095 6.20574 6.45408 9.59075 6.06425 6.06253
threshold=306.50000000000006 6.5000000000000009 27.500000000000004 6.7550000000000008 0.14739201117859058 31.500000000000004 21.500000000000004 21.500000000000004 676.50000000000011 391.50000000000006 183.50000000000003 -1.7995036564313975 15.500000000000002 9.5000000000000018 31.500000000000004 11.795000000000002 8.1845085838088654 72.500000000000014 1.4989165616984759 4.5000000000000009 5.5000000000000009 2.5000000000000004 8.5911974473192476 7.0511709795563755 9.9400972429206504 46.500000000000007 2.133173386824093 17.500000000000004 116.50000000000001 42.500000000000007
decision_type=2 2 2 2 2 2 2 2 2 2 2 2 2 2 2 2 2 2 2 2 2 2 2 2 2 2 2 2 2 2
left_child=1 10 9 12 21 6 18 8 25 23 11 -1 13 28 -14 -11 -9 -8 19 -5 -7 -4 29 -2 -25 26 -6 -28 -3 -23
right_child=2 3 4 5 7 20 17 16 -10 15 -12 -13 14 -15 -16 -17 -18 -19 -20 -21 -22 22 -24 24 -26 -27 27 -29 -30 -31
leaf_value=-0.068439282013345967 -0.059031492027599199 0.015588973448826607 -0.063475587932291563 0.024064108745624761 -0.020503375138849644 0.051696819134661787 0.026719683609586292 -0.0033951481881658086 -0.052106779966284669 -0.055137319737231162 -0.05610019102729933 -0.0047746617681202084 -0.073595266924460376 0.045392085183554406 -0.0031604814461519155 0.011681210099380165 -0.077210504482301018 -0.042130336759212822 0.04138767703253228 -0.034938235499850666 0.0066938290140214464 -0.036009971739171635 -0.068640626786462419 0.0094560987290298187 -0.053468238432680761 0.035308999593877892 0.039409225406849387 -0.028583850414898949 -0.058809124232921964 0.014395329112131497
leaf_weight=6.0415336638689032 8.651336804032324 5.4778254926204699 11.332713067531584 20.041366621851925 14.07155893743038 107.54763709008694 5.9606601446867016 8.5982991605997068 5.9967700541019431 96.126585155725479 15.704109847545622 36.494516626000404 7.7061064988374737 10.761222049593924 11.125793248414992 4.4823602437973014 5.8749550879001609 11.595941185951231 58.872233331203461 6.5248422175645819 8.8561899960041028 10.162056788802152 6.126318246126174 19.972815006971363 9.2455636560916883 36.362210959196091 19.54512989521027 7.0596755892038336 5.4782057553529739 14.445148974657057
leaf_count=31 43 23 53 86 59 528 26 37 26 479 74 159 37 45 48 21 25 49 266 27 37 48 28 85 41 163 84 30 25 60
internal_value=-0.000724206 0.0193642 -0.0237122 0.0293527 -0.00379199 0.0363756 0.0229295 0.00788229 0.0150706 -0.04379 -0.0252185 -0.0138172 -0.00864621 0.0115898 -0.0319827 -0.0521604 -0.0333581 -0.018755 0.0314951 0.00957273 0.0482729 -0.0308527 -0.0188233 -0.0215523 -0.010455 0.0202998 0.00688241 0.021367 -0.0216114 -0.00642059
internal_weight=596.242 318.188 278.053 259.948 139.575 219.399 102.995 97.5086 83.0353 138.479 58.2402 42.5361 40.5492 21.7173 18.8319 100.609 14.4733 17.5566 85.4384 26.5662 116.404 42.0662 30.7335 37.8697 29.2184 77.0386 40.6764 26.6048 10.956 24.6072
internal_count=2743 1461 1282 1197 613 1019 454 424 362 669 264 190 178 93 85 500 62 75 379 113 565 189 136 169 126 336 173 114 48 108
is_linear=0
shrinkage=0.05


Tree=19
num_leaves=31
num_cat=0
split_feature=6 7 7 3 5 7 5 6 0 7 6 5 6 7 8 6 3 8 0 0 2 3 5 6 2 5 3 3 3 7
split_gain=100.815 51.8777 41.2655 25.5284 15.7813 13.2853 13.4261 13.2293 11.359 10.6282 10.2082 8.01256 7.37196 7.10478 7.0115 6.87758 6.28626 6.2741 5.97244 6.02341 5.93661 5.87382 6.76597 5.72526 5.54549 9.80946 5.49793 10.3496 5.30124 4.83163
threshold=306.50000000000006 6.5000000000000009 27.500000000000004 6.7550000000000008 22.500000000000004 31.500000000000004 21.500000000000004 543.50000000000011 69.500000000000014 37.500000000000007 515.50000000000011 16.500000000000004 243.50000000000003 24.500000000000004 3.5000000000000004 104.50000000000001 7.0511709795563755 5.5000000000000009 48.500000000000007 67.500000000000014 7.3667771593182865 11.079705713958285 12.500000000000002 341.50000000000006 9.1321792186661792 4.5000000000000009 9.6740466229207698 11.915000000000001 14.455000000000002 1.0000000180025095e-35
decision_type=2 2 2 2 2 2 2 2 2 2 2 2 2 2 2 2 2 2 2 2 2 2 2 2 2 2 2 2 2 2
left_child=1 11 10 13 7 6 8 21 12 -9 16 26 -5 -3 -11 -8 -2 -7 -18 23 -6 24 -23 -20 25 -4 29 -28 -12 -1
right_child=2 3 4 5 20 17 15 9 -10 14 28 -13 -14 -15 -16 -17 18 -19 19 -21 -22 22 -24 -25 -26 -27 27 -29 -30 -31
leaf_value=-0.049183477282900123 -0.058572776519555919 -0.039179059876531967 -0.050607006809972488 0.041667500179217207 -0.010248321141674656 0.050210181340233688 0.016969234689412104 -0.060289711639694613 -0.044418858858176868 -0.031178184346081463 -0.062010401499435312 -0.048882401830902131 0.0014064934420366521 0.0060032263547587263 0.017014659199689055 -0.046029313469275336 -0.038743137128163213 0.0063668933734128616 0.043963898045723801 -0.045717580131028134 -0.068030017334448467 0.055940120368664616 0.0077776060792196129 -0.010796382399966498 -0.038927452565545584 0.020727712921114114 0.040348192688560262 -0.032533001035036348 -0.0059970522239714474 0.0077201726430618156
leaf_weight=11.599751278758051 15.499146372079847 12.72741377353668 5.5589520633220664 66.030875012278557 7.1614620238542583 105.25411127507687 7.8385370969772366 11.560705065727232 4.8055620938539496 13.40073122084141 55.715117380023003 20.92583854496479 13.734817638993261 27.500685513019562 17.278110846877098 9.6850903630256635 29.823411032557487 8.8456782251596433 6.8294739127159181 7.6090535074472418 11.720327436923979 15.333231002092363 13.90487791597843 15.85244959592819 6.3462830930948249 36.219542026519775 10.927159368991854 8.7893176227807981 4.5706263929605475 5.4987313300371161
leaf_count=58 81 59 24 298 32 528 34 55 20 58 296 100 61 119 73 41 135 37 29 35 53 71 62 71 28 157 46 37 22 23
internal_value=-0.000699456 0.0186399 -0.0228427 0.0282815 -0.00363418 0.0350867 0.0219836 0.00307226 0.0302372 -0.0194325 -0.0424165 -0.0241774 0.034735 -0.0082916 -0.00403631 -0.0178493 -0.0301804 0.0468112 -0.0228601 -0.00722216 -0.0461146 0.0153597 0.0330353 0.00569181 0.00462094 0.0112361 -0.0101349 0.00785882 -0.0577637 -0.0308837
internal_weight=588.547 314.164 274.384 256.423 138.484 216.195 102.095 119.602 84.5713 42.2395 135.899 57.7408 79.7657 40.2281 30.6788 17.5236 75.6135 114.1 60.1144 30.291 18.8818 77.3629 29.2381 22.6819 48.1248 41.7785 36.815 19.7165 60.2857 17.0985
internal_count=2743 1461 1282 1197 613 1019 454 528 379 186 669 264 359 178 131 75 351 565 270 135 85 342 133 100 209 181 164 83 318 81
is_linear=0
shrinkage=0.05


Tree=20
num_leaves=31
num_cat=0
split_feature=6 7 7 4 7 5 6 7 6 4 3 2 4 6 4 4 6 7 4 2 4 6 6 5 7 1 1 5 7 5
split_gain=95.4132 58.6911 45.3681 30.8867 17.8345 14.5254 10.4847 9.20105 9.11131 10.5118 8.57926 11.0447 7.18057 7.12879 6.75897 6.532 6.30885 6.30476 8.25098 8.06781 6.1059 5.63562 5.56318 5.20994 5.05211 5.02417 7.50706 4.98552 4.91338 4.83949
threshold=383.50000000000006 1.0000000180025095e-35 44.500000000000007 -1.3593383536646912 38.500000000000007 21.500000000000004 549.50000000000011 25.500000000000004 240.50000000000003 2.2009344206853698 10.781459942502744 10.271332700266685 2.6558261878867695 20.500000000000004 -2.4849999999999999 -0.77950848775274151 126.50000000000001 59.500000000000007 2.7000328071704831 9.8539414807838615 0.73486725054401181 148.50000000000003 263.50000000000006 14.500000000000002 14.500000000000002 3908576.1099120541 4401722.0900000008 14.500000000000002 18.500000000000004 20.500000000000004
decision_type=2 2 2 2 2 2 2 2 2 2 2 2 2 2 2 2 2 2 2 2 2 2 2 2 2 2 2 2 2 2
left_child=1 12 6 14 5 8 7 -2 13 24 22 -12 -1 -5 -3 -9 -14 18 19 -4 29 -16 -7 -19 -10 -15 -27 -20 -11 -6
right_child=2 3 17 4 20 10 -8 15 9 28 11 -13 16 25 21 -17 -18 23 27 -21 -22 -23 -24 -25 -26 26 -28 -29 -30 -31
leaf_value=-0.048098503639148082 -0.042659220091058971 -0.056827815983647195 -0.0034420817780548493 -0.015737255472220917 0.039444580514527275 -0.0540763650739855 -0.055853933415710669 -0.054150631508464026 -0.065538432239191188 8.0458207464327098e-05 0.048050571697482024 -0.036318309246452025 0.034711763759906498 0.042265675557011141 -0.03601398483244591 0.0036794527487689008 -0.033836346211133662 0.049341951065210311 0.0026816311729722978 -0.07470280341024807 0.053522449592366676 0.0090101532673073723 0.0064138534515151661 -0.0014589858644214755 -0.0060144842404138655 -0.02536405894757171 0.041307413445871494 0.068312680901393696 0.045848996464790487 -0.0045825896020501959
leaf_weight=34.69782343506813 48.994080305099487 8.9944702535867673 16.329949989914898 6.7797791361808768 21.640150502324108 11.822975903749468 68.691347137093544 6.0880113840103176 4.6093424409627941 9.3280087709426898 10.130030974745752 6.286301761865615 5.7211837768554679 84.016465857625008 10.940379291772844 24.667800262570381 8.1213929951190931 14.697850540280344 6.6430283635854703 5.2484276890754691 70.983123540878296 19.055463701486588 5.601905792951583 7.6862588673830023 15.729754045605658 7.4104952365160015 9.8131026625633222 5.1265695095062256 15.790003806352614 8.771611884236334
leaf_count=173 244 43 69 30 97 52 361 30 20 40 45 27 24 386 49 103 35 65 30 24 371 85 25 33 69 33 46 23 72 37
internal_value=0.000425345 0.0153591 -0.0270941 0.0229594 0.0286005 0.0194576 -0.0415359 -0.0292032 0.0259956 0.00721583 -0.0101937 0.0157432 -0.0359519 0.0338985 -0.0188111 -0.00776782 -0.00550518 0.0113714 -0.00240667 -0.0207746 0.0454913 -0.00741149 -0.0346294 0.0318979 -0.0195041 0.0372225 0.0126218 0.031269 0.0288521 0.0267459
internal_weight=580.417 376.244 204.173 327.703 288.713 187.318 148.441 79.7499 153.477 45.4571 33.8412 16.4163 48.5404 108.02 38.9903 30.7558 13.8426 55.7321 33.348 21.5784 101.395 29.9958 17.4249 22.3841 20.3391 101.24 17.2236 11.7696 25.118 30.4118
internal_count=2741 1759 982 1527 1350 845 738 377 696 201 149 72 232 495 177 133 59 244 146 93 505 134 77 98 89 465 79 53 112 134
is_linear=0
shrinkage=0.05


Tree=21
num_leaves=31
num_cat=0
split_feature=6 7 7 4 7 5 7 4 5 0 6 1 3 0 4 0 4 3 3 3 6 1 1 6 6 7 1 1 5 0
split_gain=87.5334 45.5934 43.4528 30.3902 17.9024 11.8684 11.354 12.7166 10.5389 9.4799 9.43255 9.3998 9.09529 7.97022 7.80416 7.68241 6.63357 6.12361 6.10928 7.36657 6.25654 5.8992 11.5083 6.36284 5.67297 6.50806 5.12234 5.10241 6.63232 4.93163
threshold=352.50000000000006 27.500000000000004 1.5000000000000002 -0.74565188119790227 40.500000000000007 15.500000000000002 59.500000000000007 2.133173386824093 21.500000000000004 39.500000000000007 635.50000000000011 1424861.1156867093 6.8808414713633113 67.500000000000014 2.6558261878867695 43.500000000000007 3.0611531303574591 4.8350000000000009 10.781459942502744 12.005000000000001 263.50000000000006 2387217.5038046138 3452752.7150000003 250.50000000000003 437.50000000000006 1.0000000180025095e-35 2293039.8056260576 2813488.5553138996 19.500000000000004 40.500000000000007
decision_type=2 2 2 2 2 2 2 2 2 2 2 2 2 2 2 2 2 2 2 2 2 2 2 2 2 2 2 2 2 2
left_child=2 24 14 5 8 17 7 -3 12 -8 -9 -7 26 15 27 21 -15 -4 20 -20 -10 -14 -23 -24 25 -2 -5 28 -1 -21
right_child=1 6 3 4 -6 11 9 10 18 -11 -12 -13 13 16 -16 -17 -18 -19 19 29 -22 22 23 -25 -26 -27 -28 -29 -30 -31
leaf_value=-0.0031285208253426164 -0.060546826897805196 -0.026553647012354721 -0.03528971007194822 -0.032232218267644851 0.050908260243894471 0.0023938921787983723 -0.01767542701746944 0.01999046293244116 -0.051277402558599583 0.050335322652377439 -0.048961065584059944 -0.062704377729402405 0.038064097692636446 -0.046375770576419749 0.0044891514621688061 0.046319446340889671 0.034455409998461993 0.021506091224105107 0.058437762109649266 0.03062552885743651 0.018318791372162489 -0.061938992546305374 0.037780063115681904 -0.027516118755146115 -0.053520813755818422 -0.010586550833772936 0.031552674724201264 -0.063421201047034664 -0.067790476387567411 -0.03936431713388653
leaf_weight=12.274096697568895 9.9257079809904116 51.154136762022972 5.9575985968112972 9.310940742492674 75.056453332304955 8.988105848431589 7.4791495352983501 36.287109434604645 9.759916156530382 16.269615635275841 5.7453103065490714 14.476607397198675 23.819623410701752 5.7170863598585111 12.497299402952192 67.769677087664604 4.5649122595787048 23.333448633551598 6.3493714779615429 4.3369595259428007 4.8260630220174781 5.3217777460813549 14.517235994338991 5.0214112251996985 81.36200338602066 18.988647073507309 4.7549630850553504 15.025270044803618 5.8583385944366446 5.9972651153802872
leaf_count=58 50 234 28 40 390 40 33 161 43 72 26 68 112 24 53 324 21 100 28 20 21 23 68 22 440 87 20 78 31 26
internal_value=0.000408777 -0.0236962 0.0162594 0.0231777 0.030532 -0.011272 -0.00194544 -0.00981074 0.0216438 0.0289168 0.0105656 -0.0377686 0.0274754 0.0317091 -0.0291832 0.035435 -0.010489 0.00995421 -0.00461372 0.0160509 -0.0282501 0.0202822 0.00324479 0.020999 -0.0467603 -0.0277369 -0.0106698 -0.0418744 -0.0240199 -0.00999171
internal_weight=572.746 227.212 345.534 299.879 247.124 52.7558 116.935 93.1866 172.067 23.7488 42.0324 23.4647 140.798 126.732 45.655 116.45 10.282 29.291 31.2696 16.6836 14.586 48.68 24.8604 19.5386 110.276 28.9144 14.0659 33.1577 18.1324 10.3342
internal_count=2741 1103 1638 1418 1182 236 526 421 792 105 187 108 654 594 220 549 45 128 138 74 64 225 113 90 577 137 60 167 89 46
is_linear=0
shrinkage=0.05


Tree=22
num_leaves=31
num_cat=0
split_feature=6 4 5 4 3 5 6 6 4 5 8 4 3 1 6 8 8 1 1 2 8 5 3 1 2 2 4 1 8 1
split_gain=80.583 31.761 21.9047 13.2182 13.1471 12.0196 11.4315 10.2405 8.87431 8.18547 9.2704 11.9462 10.1609 7.48253 7.30034 6.72407 7.73836 6.12059 8.0197 10.514 7.26598 7.34313 5.89431 7.17402 5.86663 4.97783 4.90578 4.81826 4.58711 4.3829
threshold=383.50000000000006 -1.8749999999999998 23.500000000000004 1.8640364552567077 10.912044505687625 17.500000000000004 227.50000000000003 549.50000000000011 -2.0249999999999995 10.500000000000002 4.5000000000000009 3.2107474548207571 14.195000000000002 4764505.5650000004 267.50000000000006 2.5000000000000004 5.5000000000000009 1695444.4271825191 2076038.9500000002 6.2750000000000012 2.5000000000000004 7.5000000000000009 13.442634956404058 1953475.4119868791 4.9227127637451762 10.095000000000001 4.2199341215107831 2978552.5117059052 3.5000000000000004 3214257.0550000002
decision_type=2 2 2 2 2 2 2 2 2 2 2 2 2 2 2 2 2 2 2 2 2 2 2 2 2 2 2 2 2 2
left_child=1 28 3 6 -4 7 -3 8 -2 29 12 -12 24 27 25 -8 -17 20 -19 -20 -10 -22 -9 -24 -11 -6 -13 -7 -1 -5
right_child=5 2 4 9 14 13 15 22 17 10 11 26 -14 -15 -16 16 -18 18 19 -21 21 -23 23 -25 -26 -27 -28 -29 -30 -31
leaf_value=-0.058414278449085949 -0.060177767110495994 0.022475543016594237 -0.036027356944430114 0.057559334210737882 0.069308709686330058 -0.037445058691016234 -0.042952560046300575 -0.038140430773521181 -0.070508787880687873 -0.01741858243707859 -0.057587881175271506 0.043929960926401092 -0.037706780273713103 0.00932460002383677 -0.031363045449184813 0.014620991074978613 -0.042316225604789891 0.063345168426660284 -0.05552152873957459 0.014304474832577744 0.043391924501342084 -0.034287931700814261 -0.038470303463827092 0.050313252971097282 0.041542745639089801 0.0081750879693231315 -0.018649649314147757 -0.066930915771460195 -0.018054813928906573 0.0314480961579666
leaf_weight=13.008849754929544 6.3264198601245871 89.513627529144287 26.979544833302498 38.824133902788162 6.566631957888605 38.38994787633419 10.68547512590885 51.758456781506538 5.5420829653739956 4.531052663922309 7.2223307490348843 8.8806325495243055 4.82311226427555 6.2675876915454856 5.2381576746702185 27.634667307138443 7.6111362129449835 6.4179745763540259 6.415519267320632 33.759791120886803 5.2382187694311124 7.2572897523641586 4.5952046215534192 4.5068342685699463 61.229336023330688 6.75529445707798 4.8377167135477057 21.67869533598423 15.344615012407301 27.42265747487545
leaf_count=66 34 417 129 194 32 198 50 265 27 21 33 43 22 31 23 127 34 29 31 155 25 34 21 20 310 30 21 112 74 133
internal_value=0.000392715 0.0142625 0.0185173 0.023528 -0.0137449 -0.0253031 0.0120704 -0.0165673 -0.00366068 0.0333643 0.023675 -0.00554015 0.0323425 -0.0426621 0.0186457 -0.00820785 0.00232571 0.00187152 0.0114451 0.00315409 -0.0228582 -0.0017239 -0.0316152 0.00549048 0.0374802 0.038309 0.0218615 -0.0480865 -0.0365721 0.0467507
internal_weight=565.263 367.109 338.756 293.216 45.5396 198.154 135.445 131.818 70.9573 157.771 91.5242 20.9407 70.5835 66.3362 18.5601 45.9313 35.2458 64.6309 46.5933 40.1753 18.0376 12.4955 60.8605 9.10204 65.7604 13.3219 13.7183 60.0686 28.3535 66.2468
internal_count=2741 1759 1619 1405 214 982 628 641 335 777 450 97 353 341 85 211 161 301 215 186 86 59 306 41 331 62 64 310 140 327
is_linear=0
shrinkage=0.05


Tree=23
num_leaves=31
num_cat=0
split_feature=6 7 7 4 7 5 5 5 8 6 7 5 3 4 8 0 0 3 4 3 4 8 8 4 7 0 6 6 7 6
split_gain=73.7408 44.8747 38.0485 22.3722 17.7247 11.7133 11.2942 9.62394 12.1233 9.25613 9.86802 10.5047 8.17751 7.00131 6.81969 6.80827 7.96934 7.01704 6.76897 6.0916 5.9736 5.95679 5.89182 5.69151 4.96127 5.07576 4.53434 4.52093 4.42857 4.63474
threshold=341.50000000000006 25.500000000000004 1.0000000180025095e-35 -0.74565188119790227 40.500000000000007 17.500000000000004 15.500000000000002 18.500000000000004 4.5000000000000009 549.50000000000011 37.500000000000007 8.5000000000000018 10.421833064489361 -2.0249999999999995 1.5000000000000002 69.500000000000014 43.500000000000007 6.9511285569004944 3.2601758730668275 4.8350000000000009 3.9551135319102269 2.5000000000000004 1.5000000000000002 2.5504542203869103 31.500000000000004 45.500000000000007 152.50000000000003 92.500000000000014 24.500000000000004 171.50000000000003
decision_type=2 2 2 2 2 2 2 2 2 2 2 2 2 2 2 2 2 2 2 2 2 2 2 2 2 2 2 2 2 2
left_child=2 -2 12 6 7 9 19 15 22 13 -11 -12 -1 -3 -15 16 17 -5 -7 -4 -20 -18 23 -9 -8 -26 -14 -21 29 -19
right_child=1 5 3 4 -6 18 24 8 -10 10 11 -13 26 14 -16 -17 21 28 20 27 -22 -23 -24 -25 25 -27 -28 -29 -30 -31
leaf_value=-0.046571139984080634 -0.045867729397130859 -0.039933572898712272 -0.0332954897659117 -0.042133730230629024 0.049705639934594016 -0.039354487502672932 -0.064723678203908647 -0.060495635502712287 -0.043098850167605632 -0.054357324726029554 -0.040332789654650966 0.028225091382105407 0.023426949047278971 -0.021781114517956515 0.032046376706283478 -0.020200761982845206 0.0226719282805442 0.026185850689292103 0.048826138997533651 -0.019232545228554554 -0.024329110849497945 0.054003947959611588 0.026321046034903567 0.019664584035799387 0.0084026997500056336 -0.053217994449340639 -0.032202455850315996 0.035835625822699078 0.040475414057177514 -0.018600363863136165
leaf_weight=25.805558145046234 102.63253752887249 4.4666693657636634 5.7025759816169765 4.8677007704973212 69.9022296667099 25.959751710295677 8.4650127738714236 4.4321669936180097 11.801172047853468 10.010124564170836 8.5448824912309664 16.143416941165924 8.6435525417327863 6.7364100217819205 46.520140334963799 7.0419114977121344 24.696476057171822 13.67779913544655 4.8633495420217496 4.6943427771329906 6.547219455242157 39.324483647942543 28.096127882599831 4.4253107309341431 8.3728591054677945 5.5616876482963553 6.3572082519531241 18.087851107120514 17.4366295337677 10.000064820051191
leaf_count=135 558 22 27 21 377 124 44 20 51 52 38 68 37 31 210 31 122 63 21 20 29 189 130 21 36 25 29 78 88 44
internal_value=0.000376203 -0.0211612 0.0156662 0.0220981 0.028589 -0.00162468 -0.00796864 0.0196861 0.00102139 0.00792663 -0.0124822 0.00449648 -0.0295057 0.0201947 0.0252377 0.0274609 0.030512 0.0146322 -0.0252463 0.0129204 0.00685071 0.0419174 0.0151112 -0.0204466 -0.0345326 -0.0161919 -0.000148369 0.0244887 0.0213529 0.00727092
internal_weight=559.817 232.425 327.393 286.586 235.702 129.792 50.8843 165.8 48.7548 92.4216 34.6984 24.6883 40.8063 57.7232 53.2566 117.045 110.003 45.9822 37.3703 28.4848 11.4106 64.021 36.9536 8.85748 22.3996 13.9345 15.0008 22.7822 41.1145 23.6779
internal_count=2741 1153 1588 1387 1157 595 230 780 222 421 158 106 201 263 241 558 527 216 174 125 50 311 171 41 105 61 66 98 195 107
is_linear=0
shrinkage=0.05


Tree=24
num_leaves=31
num_cat=0
split_feature=6 7 7 4 7 5 6 0 2 2 7 0 1 4 4 4 4 6 4 5 6 0 5 4 2 4 6 6 1 5
split_gain=67.9766 45.1116 37.312 22.8827 15.1728 11.2166 9.61157 8.72229 7.4763 9.38674 7.2038 6.9264 6.49583 6.17573 5.99533 5.82372 5.74166 8.83645 5.66522 9.37497 5.7773 5.55663 5.50372 5.279 5.03207 7.7851 4.93086 4.82389 7.13146 6.93668
threshold=383.50000000000006 1.0000000180025095e-35 44.500000000000007 -1.3593383536646912 38.500000000000007 15.500000000000002 549.50000000000011 70.500000000000014 10.931947608314161 7.0950000000000006 22.500000000000004 27.500000000000004 2076038.9500000002 -0.77950848775274151 2.9805992375665764 -2.4849999999999999 2.0327964175283602 240.50000000000003 0.73486725054401181 23.500000000000004 126.50000000000001 42.500000000000007 27.500000000000004 -0.11115254574440574 10.025 1.8640364552567077 126.50000000000001 404.50000000000006 1384935.5988555052 14.500000000000002
decision_type=2 2 2 2 2 2 2 2 2 2 2 2 2 2 2 2 2 2 2 2 2 2 2 2 2 2 2 2 2 2
left_child=1 14 6 15 5 7 10 16 9 12 -2 -11 -7 -12 -1 -3 17 21 19 20 -6 23 -13 -5 -4 -26 -16 -15 -29 -30
right_child=2 3 24 4 18 8 -8 -9 -10 11 13 22 -14 27 26 -17 -18 -19 -20 -21 -22 -23 -24 -25 25 -27 -28 28 29 -31
leaf_value=-0.043890028092161942 -0.039936427248737305 -0.05295949896607921 0.019076111180041967 0.036430390270814419 0.065577229744163565 -0.063704490708397468 -0.051846472368072528 -0.034248196520001294 -0.052371380192573924 -0.035585687197178049 -0.052366418758794969 0.033317473200276657 -0.0031461104806272014 -0.042376287095981312 0.034511152157898788 -0.0058993158097720797 0.040362247573300397 -0.021213885491314369 0.049504448734409706 -0.043222381997155612 0.016138104256871455 0.04524381368604552 -0.024035784299658428 -0.025511204673704397 -0.059013448589618746 0.024783746066355705 -0.029128273881222022 -0.04248207939533441 0.052486997282910376 -0.0086389593686580016
leaf_weight=33.637739986181259 40.048335909843445 8.4716924875974637 43.552034392952919 6.6711916923522949 9.5750589817762428 6.3739268481731441 62.737636208534241 5.5987468659877768 5.9983235895633689 5.1201374232769004 6.6832601279020301 34.095092833042145 14.506057798862455 5.2583413869142559 5.0932762622833234 29.348837643861771 57.659428477287292 11.528477430343626 65.063782349228859 4.514147773385047 15.434062853455542 21.305621400475502 4.767862766981124 7.1012318134307844 5.7519594728946668 5.3494143933057785 7.5640838146209717 5.0017444193363216 10.219040572643282 8.5033940970897657
leaf_count=178 217 43 193 29 44 28 361 24 27 23 36 158 67 22 21 134 283 51 371 19 71 100 22 33 27 24 33 22 43 37
internal_value=0.000361345 0.013216 -0.0235652 0.020027 0.0250367 0.016545 -0.037374 0.0265488 0.00103489 0.00597372 -0.025382 0.0190791 -0.0216325 -0.00903907 -0.0328526 -0.0164407 0.0298134 0.0167628 0.0412616 0.023096 0.0350665 0.029244 0.0262811 0.00449254 0.0114163 -0.0186341 -0.00352 0.000952049 0.0105556 0.0247247
internal_weight=552.534 359.429 193.105 313.134 275.313 180.726 138.452 109.865 70.8614 64.8631 75.7141 43.9831 20.88 35.6658 46.2951 37.8205 104.266 46.6065 94.5871 29.5233 25.0091 35.078 38.863 13.7724 54.6534 11.1014 12.6574 28.9825 23.7242 18.7224
internal_count=2741 1759 982 1527 1350 845 738 520 325 298 377 203 95 160 232 177 496 213 505 134 115 162 180 62 244 51 54 124 102 80
is_linear=0
shrinkage=0.05


Tree=25
num_leaves=31
num_cat=0
split_feature=6 7 7 5 3 6 3 5 4 7 7 4 4 3 4 6 7 4 3 3 4 7 3 3 4 4 6 6 7 2
split_gain=65.3703 53.804 23.4028 17.41 18.2943 15.9062 11.7307 11.3254 9.89903 9.81069 9.77259 9.0373 8.75221 10.4777 8.49295 8.16546 7.47546 7.02116 5.54412 5.38634 5.17391 9.15401 8.94415 5.12666 5.04462 9.70345 4.88155 4.72764 5.92089 6.9707
threshold=461.50000000000006 6.5000000000000009 42.500000000000007 15.500000000000002 9.0171581400828824 250.50000000000003 13.442634956404058 1.0000000180025095e-35 -1.4682763859585359 41.500000000000007 29.500000000000004 0.54010596771469077 2.599554826433772 8.5911974473192476 1.2805488623049064 148.50000000000003 25.500000000000004 4.1053781852807694 7.7257648214988057 7.1309569095381145 1.972714458116066 47.500000000000007 9.7814426628585078 13.611072318905654 -0.77950848775274151 1.4620514897101136 53.500000000000007 549.50000000000011 24.500000000000004 9.4093340695709582
decision_type=2 2 2 2 2 2 2 2 2 2 2 2 2 2 2 2 2 2 2 2 2 2 2 2 2 2 2 2 2 2
left_child=1 15 6 5 10 -3 27 -7 -9 11 19 -6 13 18 -13 26 -10 -8 -4 -5 21 22 -18 -16 -12 -26 -1 28 -2 -30
right_child=2 3 12 4 9 7 17 8 16 -11 24 14 -14 -15 23 -17 20 -19 -20 -21 -22 -23 -24 -25 25 -27 -28 -29 29 -31
leaf_value=-0.037666027206784719 -0.051461096087291103 0.038903051020295801 -0.0073999162545856289 -0.068901127920396973 -0.052698452439961109 -0.056288105862342258 0.022402760794797767 -0.048646757001819557 -0.0048177751995318908 0.046846870239941274 -0.022617745516271853 0.07780726016671495 0.032841317761460376 -0.053006187190981928 0.014914595656217708 -0.044013351944873796 0.01932898447949067 -0.050294975338499227 0.055666054807971294 -0.018558624778234525 0.047534041354108617 0.050560196771524249 -0.069021454528165924 -0.033690073237358988 0.040134904537689808 -0.033849484550930058 0.0030467702209330139 -0.058339669925698327 0.014751484212817009 -0.061065964020941978
leaf_weight=11.076510116457937 21.127180635929108 120.12401565909386 13.652595371007925 10.836192950606348 5.4635224193334571 5.9724446982145301 10.145917952060698 5.5682208389043799 19.931359559297562 23.497174322605133 15.625311642885206 4.8637016266584387 14.667863786220549 11.012983769178389 40.294868394732475 40.968914166092873 7.3784710764884966 4.9376397728919974 4.6792090386152259 10.424936160445212 24.539831101894379 9.5473742336034757 4.682498574256897 6.2693281024694434 13.226442143321039 6.665205016732215 21.95918282866478 54.114326819777489 9.4855131804943067 4.4557270258665076
leaf_count=54 121 616 59 59 25 27 48 28 89 125 70 23 65 50 191 211 32 26 20 47 128 45 21 30 60 32 101 331 44 21
internal_value=-0.000829208 0.00948367 -0.0292695 0.0180093 0.00432153 0.0275039 -0.0421752 0.00986266 0.0153769 0.0196676 -0.017406 0.00844204 0.00130419 -0.0144595 0.0149374 -0.0290993 0.0207719 -0.00139502 0.00869773 -0.0442168 0.031824 0.0139827 -0.0149718 0.00837054 -0.00135657 0.0153445 -0.0106038 -0.0490724 -0.0347719 -0.00948035
internal_weight=557.194 408.916 148.279 334.911 137.167 197.744 104.266 77.6202 71.6478 80.3886 56.7781 56.8914 44.0127 29.3448 51.4279 74.0046 66.0795 15.0836 18.3318 21.2611 46.1482 21.6083 12.061 46.5642 35.517 19.8916 33.0357 89.1827 35.0684 13.9412
internal_count=2799 2014 785 1648 662 986 591 370 343 394 268 269 194 129 244 366 315 74 79 106 226 98 53 221 162 92 155 517 186 65
is_linear=0
shrinkage=0.05


Tree=26
num_leaves=31
num_cat=0
split_feature=6 7 8 7 7 3 3 0 6 8 2 6 6 1 1 3 7 1 1 1 1 0 1 1 6 7 0 1 2 3
split_gain=60.0823 49.1524 23.1053 21.9445 14.0464 13.2455 11.1438 9.10795 8.89803 8.66586 8.15283 7.63452 7.10892 6.96322 6.55205 6.06596 5.90201 5.83884 9.77393 5.74421 7.04408 5.69707 5.5511 5.50018 5.11626 7.3107 9.17485 5.10232 6.31849 5.09719
threshold=461.50000000000006 6.5000000000000009 5.5000000000000009 42.500000000000007 30.500000000000004 6.8808414713633113 13.442634956404058 72.500000000000014 287.50000000000006 3.5000000000000004 10.341504542366524 148.50000000000003 122.50000000000001 824077.63188962813 927007.80000000016 8.3913738982449626 48.500000000000007 2019426.1642952499 2928047.1485198489 2506160.3682265594 807361.69402804587 50.500000000000007 4081254.8900000006 1703714.3211221532 250.50000000000003 20.500000000000004 40.500000000000007 968491.77000000014 5.3617145277895641 7.4016680181073466
decision_type=2 2 2 2 2 2 2 2 2 2 2 2 2 2 2 2 2 2 2 2 2 2 2 2 2 2 2 2 2 2
left_child=1 11 4 6 5 12 -2 10 15 17 24 19 -3 -4 -13 27 21 -5 -19 20 -1 -10 -21 -8 -7 26 -26 -6 -29 -30
right_child=3 2 13 9 8 7 23 -9 16 -11 -12 14 -14 -15 -16 -17 -18 18 -20 22 -22 -23 -24 -25 25 -27 -28 28 29 -31
leaf_value=0.010481339970690281 -0.047964017218177071 0.018752386200830848 0.028552145957668335 -0.073338190002677425 0.055032861376212744 0.03593303062335166 -0.048493701541542478 -0.054670639853616643 0.016567452411036961 0.020485932587836157 -0.009415660486784494 -0.0012911578164620568 -0.042665474786607989 -0.031996111741040015 -0.052430750024958797 0.047832577385419288 0.034298810735365802 0.033219140786884628 -0.04988356099421367 0.028054958161406574 -0.05647930945157225 -0.028061477125442515 -0.038822612150920102 0.018050590229675655 -0.071884851556971524 0.033397089065324813 0.010933392959757669 0.047215141910960712 -0.031007264567847762 0.025006862739848087
leaf_weight=6.370011210441592 86.754194483160973 6.6348611712455776 5.7102317065000525 4.6078517287969616 8.7131911218166334 53.481859609484673 4.3822774142026892 4.2731454074382773 20.741318404674534 25.055078506469727 19.548944875597954 7.7587146610021582 16.25225168466568 28.190291523933411 32.495926633477211 74.943875029683113 23.395973607897758 7.0417106002569181 7.1113148480653763 12.143113046884539 10.243352770805357 10.913415417075155 4.1677940189838401 10.655944302678106 4.7131323963403728 17.613349720835686 11.513359680771826 7.9253879189491299 9.4972975105047244 7.0958532392978659
leaf_count=30 517 30 25 21 41 267 22 18 94 110 87 40 84 128 171 436 116 31 32 55 48 51 22 52 21 79 52 39 44 36
internal_value=-0.00080134 0.00911623 0.0173112 -0.0283412 0.0217713 0.00977689 -0.0410762 0.0169096 0.0316203 0.00124446 0.0197717 -0.0279685 -0.0248607 -0.0217973 -0.0425741 0.0399483 0.0152557 -0.0244525 -0.00853656 -0.0101111 -0.0308048 0.001181 0.0109663 -0.00134103 0.0263059 0.0110908 -0.0131219 0.0221677 0.0104883 -0.00705352
internal_weight=549.945 404.337 331.158 145.608 297.257 134.031 101.792 111.144 163.226 43.816 106.871 73.1789 22.8871 33.9005 40.2546 108.176 55.0507 18.7609 14.153 32.9243 16.6134 31.6547 16.3109 15.0382 87.3217 33.8398 16.2265 33.2317 24.5185 16.5932
internal_count=2799 2014 1648 785 1495 638 591 524 857 194 506 366 114 153 211 596 261 84 63 155 78 145 77 74 419 152 73 160 119 80
is_linear=0
shrinkage=0.05


Tree=27
num_leaves=31
num_cat=0
split_feature=7 6 6 4 7 1 4 4 1 7 3 6 8 6 5 5 3 3 5 5 3 6 1 7 7 8 4 8 6 1
split_gain=55.1693 32.0047 30.3845 15.7451 11.9795 11.73 11.3706 11.1761 10.1594 9.48434 8.58025 9.51977 8.53035 9.05754 8.20422 7.69442 8.6634 7.23254 6.29892 6.29579 6.92745 4.94282 4.90154 4.84921 5.48919 4.81982 7.41077 4.78821 4.73059 5.21707
threshold=24.500000000000004 222.50000000000003 461.50000000000006 -0.48159319834402931 6.5000000000000009 1655202.6884889598 2.3959787215917356 3.4424992672923298 3180813.0652680984 42.500000000000007 13.185582240848456 419.50000000000006 4.5000000000000009 290.50000000000006 18.500000000000004 15.500000000000002 8.5911974473192476 11.592788395846291 16.500000000000004 13.500000000000002 11.115 315.50000000000006 2622438.8100000005 52.500000000000007 45.500000000000007 5.5000000000000009 -2.5349999999999997 3.5000000000000004 148.50000000000003 2506160.3682265594
decision_type=2 2 2 2 2 2 2 2 2 2 2 2 2 2 2 2 2 2 2 2 2 2 2 2 2 2 2 2 2 2
left_child=1 4 3 25 28 -4 -3 10 9 -7 11 -8 13 -5 23 -6 -17 -16 21 20 -10 -9 -18 24 -14 26 -2 -15 29 -1
right_child=2 6 5 12 15 8 7 18 19 -11 -12 -13 14 27 17 16 22 -19 -20 -21 -22 -23 -24 -25 -26 -27 -28 -29 -30 -31
leaf_value=-0.029457259086878285 -0.061046527959904222 -0.045667247989357021 -0.042644903132882939 0.045458153469912117 0.030908983249658979 -0.016780262237842902 0.023531827681196917 0.021109220827850356 -0.034265476850395632 0.037908568111943285 0.071301952115680939 -0.046729344310915071 0.024121700687615179 0.0075518684940332169 -0.062983373784492258 -0.051117532774399746 -0.024041488896714036 0.015148920885711667 -0.068347149334150994 -0.050033919810720563 0.040983538227513973 -0.036373303504687558 0.037385609979503513 0.056224037271228801 -0.042322428875447328 -0.03869600274286842 0.011322566870042378 0.042812348481294671 -0.052547656461839488 0.010424813314844628
leaf_weight=16.510053858160973 3.8946348726749411 85.400109753012657 23.423608109354973 87.667286455631256 37.385847494006157 12.785954937338827 11.72266167402268 5.285852447152144 6.6514494121074694 20.864452436566353 4.4686468541622153 8.1885520964860898 15.376414746046072 32.294049993157387 6.1251779794692975 7.251935780048373 4.9854541420936576 5.7352244108915329 10.436889812350271 12.502350479364393 5.6621329933404922 12.785626888275145 9.3158977925777418 8.3935413658618909 3.8959721177816382 7.5388389825820914 38.577561572194099 13.717794343829153 7.9923618435859671 16.291185677051544
leaf_count=78 20 509 118 511 180 65 54 25 32 91 21 49 75 154 27 36 22 26 55 64 25 65 44 45 20 35 171 64 41 77
internal_value=-0.000772121 -0.0188142 0.0133029 0.02286 0.00277534 -0.0127477 -0.0343844 -0.0161657 -0.000769889 0.0171288 0.00868886 -0.00536331 0.0299956 0.0360293 0.00958943 0.017192 -0.00660123 -0.0252017 -0.0374208 -0.0250405 0.000336146 -0.0195598 0.0159721 0.0245044 0.0106898 -0.00185319 0.00468643 0.0180643 -0.018054 -0.00964928
internal_weight=543.128 238.021 305.106 223.216 99.7327 81.8899 138.288 52.8882 58.4663 33.6504 24.3799 19.9112 173.205 133.679 39.5263 58.9391 21.5533 11.8604 28.5084 24.8159 12.3136 18.0715 14.3014 27.6659 19.2724 50.011 42.4722 46.0118 40.7936 32.8012
internal_count=2799 1256 1543 1148 478 395 778 269 277 156 124 103 922 729 193 282 102 53 145 121 57 90 66 140 95 226 191 218 196 155
is_linear=0
shrinkage=0.05


Tree=28
num_leaves=31
num_cat=0
split_feature=6 7 8 7 7 5 1 5 6 8 6 6 1 1 6 6 1 6 5 7 5 8 5 1 1 1 1 7 1 5
split_gain=51.1148 41.3993 19.9212 19.4767 12.1282 9.41126 10.3667 8.6192 7.95091 7.89113 7.64268 7.16071 6.88895 9.24065 7.99283 8.24364 6.26681 5.51779 5.55843 5.67358 5.47126 5.38956 5.08235 5.73028 4.84996 6.67311 6.01287 5.21825 4.75044 4.72795
threshold=461.50000000000006 6.5000000000000009 5.5000000000000009 42.500000000000007 30.500000000000004 26.500000000000004 3799881.1872578906 15.500000000000002 250.50000000000003 3.5000000000000004 72.500000000000014 308.50000000000006 807361.69402804587 673776.93000000005 106.50000000000001 72.500000000000014 824077.63188962813 549.50000000000011 14.500000000000002 18.500000000000004 13.500000000000002 1.5000000000000002 19.500000000000004 1655202.6884889598 2810588.7941933381 3601392.9400000004 4189066.8150000004 17.500000000000004 2490685.6250000005 9.5000000000000018
decision_type=2 2 2 2 2 2 2 2 2 2 2 2 2 2 2 2 2 2 2 2 2 2 2 2 2 2 2 2 2 2
left_child=1 12 4 17 7 11 -7 8 -3 20 -9 -6 13 -1 15 -14 -4 18 19 -2 29 -12 23 -11 27 -26 -27 -10 -21 -5
right_child=3 2 16 9 5 6 -8 10 24 22 21 -13 14 -15 -16 -17 -18 -19 -20 28 -22 -23 -24 -25 25 26 -28 -29 -30 -31
leaf_value=-0.020351822062564473 -0.034259088885190234 0.030815558648914249 0.027496738483340812 -0.034032286668812521 0.040772769404386247 -0.051715558353583692 0.03719377242776279 0.036615882792160645 -0.057197356220370199 -0.008563307035810758 -0.056971663140435107 0.016829966764540419 -0.032044036242027917 0.069368278958329532 -0.04659641721245493 0.036433617682212649 -0.030151792889213665 -0.048609615935828382 -0.044993128680865274 -0.017384044279696156 -0.051245762260376616 -0.0082655831051348973 -0.023387836291524022 0.049718464845900111 0.065211395833214642 -0.049693860025898567 0.027451124388131954 0.0025036781789626031 0.048431173486044567 0.036784647967585272
leaf_weight=9.9343636333942396 9.9562700539827365 52.062378451228142 5.6741541028022757 4.4917749017477053 99.897607803344727 7.1258811652660352 6.0725091546773911 8.1466807276010496 6.0746637135744121 6.1475063860416475 6.8258767873048773 45.429499387741089 11.991813093423845 4.035733386874198 38.688611388206482 6.9377043992280951 27.865840658545494 58.96434210985899 17.622932940721512 5.1264626830816251 9.0645099282264692 33.825263544917107 5.3951378315687171 13.433249071240423 5.1158182024955741 4.3145348727703077 6.0926228612661362 9.2086964249610883 5.8938059359788895 4.9588474929332733
leaf_count=50 60 259 25 21 578 33 31 40 30 27 34 215 58 20 206 32 128 379 101 25 42 161 24 59 23 20 28 43 26 21
internal_value=-0.000744366 0.00847558 0.0160844 -0.0265842 0.0203012 0.0296168 -0.0108088 0.00908519 0.018902 0.00124355 -0.00758577 0.0332882 -0.0259328 0.00556685 -0.0335702 -0.00694684 -0.0203991 -0.038989 -0.0242925 -0.0069014 -0.0234929 -0.016444 0.0195812 0.0314205 -0.00123176 0.0184535 -0.00453116 -0.0212256 0.0178149 0.00312615
internal_weight=536.375 395.32 323.732 141.055 290.192 158.525 13.1984 131.667 82.8687 43.491 48.7978 145.327 71.5882 13.9701 57.6181 18.9295 33.54 97.5638 38.5995 20.9765 18.5151 40.6511 24.9759 19.5808 30.8063 15.523 10.4072 15.2834 11.0203 9.45062
internal_count=2799 2014 1648 785 1495 857 64 638 403 194 235 793 366 70 296 90 153 591 212 111 84 195 110 86 144 71 48 73 51 42
is_linear=0
shrinkage=0.05


Tree=29
num_leaves=31
num_cat=0
split_feature=6 7 7 8 4 7 3 3 5 1 1 1 5 1 6 4 4 1 6 6 4 3 5 1 5 4 5 1 7 4
split_gain=46.9399 37.7854 18.3143 18.1558 13.3454 11.13 9.6813 9.41775 9.97157 8.83025 8.6997 9.03411 8.41625 9.75968 7.65304 7.42415 6.78318 8.7644 6.49359 6.36758 6.65715 6.08902 5.97123 5.85921 5.68665 5.09385 4.85835 6.28259 6.67415 4.75397
threshold=461.50000000000006 6.5000000000000009 33.500000000000007 5.5000000000000009 -2.5349999999999997 30.500000000000004 13.532016975491802 7.0511709795563755 15.500000000000002 1655202.6884889598 3180813.0652680984 4601208.1750000007 26.500000000000004 3799881.1872578906 257.50000000000006 2.599554826433772 3.528777371234074 1424861.1156867093 148.50000000000003 308.50000000000006 -0.40745284994623582 13.611072318905654 6.5000000000000009 927007.80000000016 20.500000000000004 4.1053781852807694 19.500000000000004 2810588.7941933381 45.500000000000007 -1.7995036564313975
decision_type=2 2 2 2 2 2 2 2 2 2 2 2 2 2 2 2 2 2 2 2 2 2 2 2 2 2 2 2 2 2
left_child=1 18 6 4 -3 7 -2 8 14 15 26 -12 19 -14 -6 -4 17 -5 29 20 22 -9 -7 -20 -24 -8 27 28 -11 -1
right_child=2 3 9 16 5 12 25 21 -10 10 11 -13 13 -15 -16 -17 -18 -19 23 -21 -22 -23 24 -25 -26 -27 -28 -29 -30 -31
leaf_value=-0.064229357916112811 -0.048146000116638034 -0.060425898222693675 -0.060928994875583523 0.007709875979366617 0.029420655224521822 0.062984933927984751 0.025321909218587815 0.020028735734719777 -0.066988751711725858 -0.027242060014136767 -0.047877234970089541 0.029493814622346792 -0.048574050181011789 0.039069523975777114 -0.048288483021576206 0.0090959929859428437 0.019746130731080544 -0.054068874616469899 0.00022112286853481772 0.017856599162911182 0.048159275969655531 -0.021296879139523373 -0.013532304509124904 -0.048706003883842205 0.050543723697318736 -0.048787379586537644 -0.022171460550147317 0.08368771407706338 0.042284818147353229 -0.0019758458498667897
leaf_weight=3.4273273199796668 69.234207279980183 5.1304096877574912 10.453888222575189 8.8559376299381274 9.8144544363021868 5.5065610110759762 7.5488919168710691 96.733878970146179 7.4040141552686682 5.0411679893732133 10.691270366311075 5.8302913010120383 6.9942033141851407 5.819158598780632 4.6787205636501303 5.9335286021232596 8.3155351579189283 16.32161021232605 7.6505910307168952 44.287465617060661 73.258946299552917 9.818203851580618 13.097260177135469 30.565253682434559 4.7070653587579718 3.3466103971004486 4.344102829694747 5.1876484006643286 10.94723705947399 29.143514111638069
leaf_count=21 455 29 52 40 42 27 37 468 42 25 51 27 32 30 25 27 37 76 40 210 465 46 58 171 21 20 20 22 49 134
internal_value=-0.000717768 0.00813341 -0.0257288 0.0154304 0.0194925 0.0209458 -0.0412515 0.0100833 -0.0197818 -0.00444106 0.00769442 -0.0205738 0.0300255 -0.00877092 0.00433441 -0.0355745 -0.0194074 -0.0323388 -0.0249304 0.0335547 0.040754 0.0162208 0.0174814 -0.0389111 0.00340796 0.00255885 0.025995 0.035876 0.0203629 -0.00852659
internal_weight=530.089 391.53 138.559 320.743 287.25 282.12 80.1297 128.449 21.8972 58.4291 42.0417 16.5216 153.671 12.8134 14.4932 16.3874 33.4931 25.1775 70.7867 140.857 96.5698 106.552 23.3109 38.2158 17.8043 10.8955 25.5202 21.1761 15.9884 32.5708
internal_count=2799 2014 785 1648 1495 1466 512 623 109 273 194 78 843 62 67 79 153 116 366 781 571 514 106 211 79 57 116 96 74 155
is_linear=0
shrinkage=0.05


Tree=30
num_leaves=31
num_cat=0
split_feature=6 7 7 4 4 5 5 7 4 4 0 8 5 8 7 6 4 4 2 0 0 4 2 8 2 4 2 7 0 0
split_gain=44.1771 26.4902 20.9727 15.7388 11.1002 9.06359 9.00063 9.67635 8.62482 8.32901 11.5234 7.75566 6.93486 6.77839 7.83925 7.23661 6.42466 6.29026 5.74512 6.77546 5.65453 5.71824 5.42226 5.65807 5.35997 5.35359 5.29441 5.21847 4.87729 4.72055
threshold=391.50000000000006 1.0000000180025095e-35 44.500000000000007 2.0327964175283602 1.7139507018073934 16.500000000000004 26.500000000000004 38.500000000000007 0.2832443794132497 3.2296516621022526 57.500000000000007 5.5000000000000009 1.0000000180025095e-35 4.5000000000000009 16.500000000000004 306.50000000000006 3.4728059097111399 3.3600508129416942 6.1513802377041946 44.500000000000007 69.500000000000014 -1.9249999999999996 5.7237252926476136 4.5000000000000009 8.6545219330191561 -1.6390244395713685 8.4787755585623454 18.500000000000004 41.500000000000007 29.500000000000004
decision_type=2 2 2 2 2 2 2 2 2 2 2 2 2 2 2 2 2 2 2 2 2 2 2 2 2 2 2 2 2 2
left_child=1 16 4 6 -2 12 7 20 -4 10 -6 25 -5 14 -7 -16 -1 -15 -10 26 21 -3 28 27 -25 -9 -20 -24 -23 -27
right_child=2 3 8 5 9 13 -8 11 18 -11 -12 -13 -14 17 15 -17 -18 -19 19 -21 -22 22 23 24 -26 29 -28 -29 -30 -31
leaf_value=-0.038062995408817774 -0.047170975014992539 -0.036263080214001382 -0.022916586485514628 -0.015990794569209512 -0.022913211070676651 -0.020074036573646568 -0.033684006891348033 -0.0031198195850316596 -0.031352293857833675 -0.037296846244978234 0.039466467107628363 -0.023575157596509397 0.040504950790371058 -0.070963864290175954 0.046185973238848162 -0.016863119734485663 0.007367138241623006 0.00276940804489402 0.029535703269381316 0.048857131505967093 -0.05365409787727108 -0.068979665414818689 0.043403607156704535 0.013893324095766036 -0.039005282396817116 -0.011036056028135649 -0.039078861213391991 0.0081035387209090117 -0.0004072638964642823 0.046146572152836948
leaf_weight=32.997691415250301 64.354682743549347 9.3235769271850568 17.516542166471481 5.8210390061140052 19.889241904020313 8.8412254154682142 14.501334577798842 8.8592244386672956 4.5991360843181601 27.513824507594109 11.793369643390177 7.2893206775188437 81.238430678844452 4.2034259289503089 23.092189744114879 5.6682325452566138 10.183986783027647 9.2752402275800687 6.3231210410594958 17.020633146166801 5.0610897094011298 4.2965192645788175 15.706508129835127 9.6504083126783389 9.5053380876779539 4.0396761894226065 5.0621938705444336 31.400844439864159 6.5405706316232681 33.864917695522308
leaf_count=190 423 51 81 30 108 39 72 40 20 150 62 32 468 19 136 26 44 43 29 80 24 20 74 43 43 20 23 155 31 187
internal_value=-0.0012006 0.0092524 -0.0216992 0.0145529 -0.0327972 0.0269173 0.00388047 0.00762337 0.00544123 -0.017171 0.000306674 0.024396 0.0367275 0.010197 0.0211021 0.03376 -0.0273487 -0.0202249 0.0204914 0.0288852 -0.00228662 0.000721527 0.005194 0.0105563 -0.0123557 0.0318735 -0.000972037 0.0198733 -0.0275938 0.0400523
internal_weight=515.434 341.361 174.073 298.179 123.551 138.14 160.039 145.538 50.5216 59.1964 31.6826 54.0531 87.0595 51.0803 37.6016 28.7604 43.1817 13.4787 33.0051 28.4059 91.4849 86.4238 77.1002 66.2631 19.1557 46.7638 11.3853 47.1074 10.8371 37.9046
internal_count=2763 1787 976 1553 743 761 792 720 233 320 170 279 498 263 201 162 234 62 152 132 441 417 366 315 86 247 52 229 51 207
is_linear=0
shrinkage=0.05


end of trees

feature_importances:
days_since_last_login=151
days_to_maturity=139
rate_diff=135
login_count=119
market_rate=97
deposit_amount=94
age=71
current_rate=70
product_count=54

parameters:
[boosting: gbdt]
[objective: binary]
[metric: auc]
[tree_learner: serial]
[device_type: cpu]
[data_sample_strategy: bagging]
[data: ]
[valid: ]
[num_iterations: 500]
[learning_rate: 0.05]
[num_leaves: 31]
[num_threads: 0]
[seed: 0]
[deterministic: 0]
[force_col_wise: 0]
[force_row_wise: 0]
[histogram_pool_size: -1]
[max_depth: -1]
[min_data_in_leaf: 20]
[min_sum_hessian_in_leaf: 0.001]
[bagging_fraction: 0.8]
[pos_bagging_fraction: 1]
[neg_bagging_fraction: 1]
[bagging_freq: 5]
[bagging_seed: 3]
[bagging_by_query: 0]
[feature_fraction: 0.8]
[feature_fraction_bynode: 1]
[feature_fraction_seed: 2]
[extra_trees: 0]
[extra_seed: 6]
[early_stopping_round: 0]
[early_stopping_min_delta: 0]
[first_metric_only: 0]
[max_delta_step: 0]
[lambda_l1: 0]
[lambda_l2: 0]
[linear_lambda: 0]
[min_gain_to_split: 0]
[drop_rate: 0.1]
[max_drop: 50]
[skip_drop: 0.5]
[xgboost_dart_mode: 0]
[uniform_drop: 0]
[drop_seed: 4]
[top_rate: 0.2]
[other_rate: 0.1]
[min_data_per_group: 100]
[max_cat_threshold: 32]
[cat_l2: 10]
[cat_smooth: 10]
[max_cat_to_onehot: 4]
[top_k: 20]
[monotone_constraints: ]
[monotone_constraints_method: basic]
[monotone_penalty: 0]
[feature_contri: ]
[forcedsplits_filename: ]
[refit_decay_rate: 0.9]
[cegb_tradeoff: 1]
[cegb_penalty_split: 0]
[cegb_penalty_feature_lazy: ]
[cegb_penalty_feature_coupled: ]
[path_smooth: 0]
[interaction_constraints: ]
[verbosity: -1]
[saved_feature_importance_type: 0]
[use_quantized_grad: 0]
[num_grad_quant_bins: 4]
[quant_train_renew_leaf: 0]
[stochastic_rounding: 1]
[linear_tree: 0]
[max_bin: 255]
[max_bin_by_feature: ]
[min_data_in_bin: 3]
[bin_construct_sample_cnt: 200000]
[data_random_seed: 1]
[is_enable_sparse: 1]
[enable_bundle: 1]
[use_missing: 1]
[zero_as_missing: 0]
[feature_pre_filter: 1]
[pre_partition: 0]
[two_round: 0]
[header: 0]
[label_column: ]
[weight_column: ]
[group_column: ]
[ignore_column: ]
[categorical_feature: ]
[forcedbins_filename: ]
[precise_float_parser: 0]
[parser_config_file: ]
[objective_seed: 5]
[num_class: 1]
[is_unbalance: 0]
[scale_pos_weight: 1]
[sigmoid: 1]
[boost_from_average: 1]
[reg_sqrt: 0]
[alpha: 0.9]
[fair_c: 1]
[poisson_max_delta_step: 0.7]
[tweedie_variance_power: 1.5]
[lambdarank_truncation_level: 30]
[lambdarank_norm: 1]
[label_gain: ]
[lambdarank_position_bias_regularization: 0]
[eval_at: ]
[multi_error_top_k: 1]
[auc_mu_weights: ]
[num_machines: 1]
[local_listen_port: 12400]
[time_out: 120]
[machine_list_filename: ]
[machines: ]
[gpu_platform_id: -1]
[gpu_device_id: -1]
[gpu_device_id_list: ]
[gpu_use_dp: 0]
[num_gpu: 1]

end of parameters

pandas_categorical:[]
